Id;Categoria;Notícia;"Classificação da Notícia"
4;"Tecnologia e Inovação";"Publicado em 14/06/2019. ONU prevê que toda a humanidade seja chipada até 2030 e quem recusar será excluído da sociedade.";FAKE
5;"Segurança e Justiça";"Publicado em 23/05/2019. Santa Catarina Tem hoje a menor taxa de assassinatos";FAKE
16;"Economia e Negócios";"Publicado em 12 de jul de 2017. Os 10 países onde MAIS se trabalhou em um ano para pagar impostos. A classificação dos 5 primeiros países  (1)Brasil - 2060,  (2)Bolívia - 1080, (3)Vietnã - 941, (4)Nigéria - 938, (5)Venezuela - 864. Os demais países entre os 10 primeiros, em ordem, são: (6)Belarus-798h, (7)Chade-732h, (8)Mauritânia-696h, (9)Senegal-666h, (10)Ucrânia-657h.";FAKE
22;"Segurança e Justiça";"A deontologia policial-militar é constituída pelos valores e deveres éticos, traduzidos em normas de conduta, que se impõem para que o exercício da profissão policial-militar atinja plenamente os ideais de realização do bem comum, mediante a preservação da ordem pública. Assembléia Legislativa/SP, Lei n° 18.442, de 02/04/2026.";"NÃO FAKE"
23;"Saúde e Bem-estar";"Publicado em 18/02/2020. Bebê nasce com 18 kg e bate o recorde de maior bebê do mundo";FAKE
26;"Saúde e Bem-estar";"Mais uma vez os Simpsons prevendo o futuro!!  Em 1993, na  temporada 4,  capítulo 21, há a previsão da vinda do Corona virus. Mar/2020";FAKE
36;"Segurança e Justiça";"Publicado em 12/07/2018. Morre idosa que foi presa por não pagar pensão do neto e sofreu estupro na cadeia";FAKE
37;"Economia e Negócios";"A atuação do Poder Legislativo no ciclo orçamentário não se encerra na apreciação e aprovação das leis orçamentárias. A fase de avaliação da execução orçamentária é atribuição do Congresso dentro de sua competência constitucional (art. 70) de fiscalizar os órgãos e entidades da União, bem como da administração direta e indireta, ocorrendo principalmente com relação à aplicação de recursos, recebimento de valores e uso do patrimônio público. Entenda o Orçamento. Congresso Nacional.";"NÃO FAKE"
38;"Segurança e Justiça";"Publicado em 03/07/2019. O crime é impossível acabar totalmente porque a mente humana veio do macaco, um animal assassino";FAKE
39;"Saúde e Bem-estar";"Corona Vírus: Israel teve a melhor situação do mundo: 1700 casos e 1 morte!!! [...] Não lotou hospitais, UTIs etc [...] enfrentou o vírus Sem prejudicar a economia do país. Mar/2020.";FAKE
40;"Segurança e Justiça";"Publicado em 29/11/2018. Comissão de Direitos Humanos manda prender jovem que agrediu assaltante em MG";FAKE
41;"Segurança e Justiça";"Publicado em 21/03/2019. Bomba atômica prestes a explodir! PF intercepta ligação telefônica entre Aécio e Gilmar Mendes, com confirmação de crimes entre ambos";FAKE
44;"Saúde e Bem-estar";"Câncer é um fungo! E bicarbonato de sódio ajuda a curar o câncer, diz Oncologista.";FAKE
45;"Segurança e Justiça";"Publicado em 22/01/2019. Policial é estuprada por oito menores e morta com 32 facadas na zona norte do Rio de Janeiro";FAKE
50;"Segurança e Justiça";"BOMBA: PF pode prender todos artistas que receberam dinheiro da Lei Rouanet.";FAKE
60;"Saúde e Bem-estar";"Publicado em 15/05/2018. Médico quebra o silêncio: A vacina contra a gripe é o que está causando um surto mortal de gripe.";FAKE
63;Educação;"Publicado em 24/11/2018. Quem quiser dar aula, que faça isso por gosto e não por salário. Se quiser ganhar melhor, peça demissão e vá para o ensino privado imagem";FAKE
64;"Saúde e Bem-estar";"Publicado em 2020-04-13. O FDA, a agência americana de regulamentação de remédios, aprovou o uso de hidroxicloroquina em todos os pacientes com o Covid-19.";FAKE
65;"Segurança e Justiça";"Promotor manda prender lutadora de UFC que reagiu a assalto e espancou criminoso no Rio de Janeiro.";FAKE
66;"Tecnologia e Inovação";"Publicado em 17/02/2020. Primeiras fotos da Terra enviadas pela missão espacial Chadrayan2 da India";FAKE
69;Política;"Publicado em 26/03/2019. O Exército Brasileiro conseguiu, ontem, encontrar água ao perfurar um poço em Caicó, no nordeste. [...]";FAKE
71;"Economia e Negócios";"Publicado em 12/07/2019. Reforma: Homem - 65 [anos de idade mínima para se aposentar]. Mulheres - 62. Parlamentar - 8 [anos de contribuição para se aposentar]";FAKE
74;"Saúde e Bem-estar";"Publicado em 2020-03-31. OMS recua e diz que governos devem pensar em quem precisa garantir o pão de cada dia";FAKE
75;"Segurança e Justiça";"Publicado em 28/01/2019. Uma fonte ligada a ABIN confirmaram nessa tarde que a Polícia Rodoviária Federal deteve nessa tarde, próxima a cidade de Itaguará, cerca de 68 km de Brumadinho, um venezuelano e um cubano. ...";FAKE
84;"Segurança e Justiça";"INSS determina indenização de R$ 750 mil à família de ladrão morto por uma mãe PM.";FAKE
86;"Segurança e Justiça";"Publicado em 21/01/2019. Veja o resultado de uma batida policial, na casa das lideranças do acampamento do inocente MST, no município de Descalvado-SP";FAKE
90;"Saúde e Bem-estar";"Publicado em 15/01/2019. O Dr. Gupta diz que ninguém deve morrer de câncer, exceto sem atenção.";FAKE
91;"Segurança e Justiça";"Publicado em 13/05/2019. Aos mal informados, isto é uma mostra de uma pequena quantidade de pinos de crack e cocaína recolhidos na área da Universidade Federal do Espírito Santo. [...]";FAKE
96;Política;"Publicado em 2020-04-03. ...esse vírus não atingiu a capital da China, Pequim, e a capital econômica, Xangai";FAKE
110;"Saúde e Bem-estar";"Publicado em 31/01/2020. A cidade Shantou, com uma população de mais de cinco milhões de pessoas, fecha suas fronteiras e entra em confinamento. [...]";FAKE
112;"Economia e Negócios";"Publicado em 27/02/2019. E o Messi que ganha 530 milhões por ano e contrata o Mickey da cracolândia falsificado pro aniversário do filho";FAKE
113;"Saúde e Bem-estar";"Publicado em 2020-04-03. China construiu 1.000 leitos em 10 dias. Exército brasileiro constrói 2.000 em 48 horas.";FAKE
116;"Economia e Negócios";"Na Alemanha o governo subiu preço de combustível. Em apenas uma hora de tempo as pessoas abandoram seus carros nas ruas e avenidas e foram a pé para casa. Mais de um milhão de carros abandonados. Tiveram que baixar o preço. Observador.pt, Set/2021.";FAKE
119;"Saúde e Bem-estar";"Publicado em 2020-03-18. URGENTE! ISRAEL descobriu a cura para o CORONAVIRUS.... Vacina.";FAKE
120;"Economia e Negócios";"Publicado em 11/04/2019. Idade mínima para aposentadoria no Brasil. Homens: 65 anos. Mulheres: 62 anos. Políticos: 8 anos.";FAKE
123;"Saúde e Bem-estar";"Publicado em 2020-04-27. Precisamos consumir mais alimentos alcalinos que nos ajudem a aumentar o nível de PH para combater o coronavírus";FAKE
124;"Economia e Negócios";"Publicado em 2020-04-24. #URGENTE. QUEM RECEBEU RECEBEU QUEM NO RECEBEU NO RECEBE MAIS. Governo volta atrás e afirma NÃO TER DINHEIRO para continuar os pagamentos do AUXÍLIO EMERGENCIAL de R$ 600,00!";FAKE
127;"Saúde e Bem-estar";"Publicado em 2020-03-25. Morreram 232 crianças num dia na Itália e o demente manda as crianças voltarem pras escolas.";FAKE
128;Internacional;"Publicado em 27/11/2018. Segundo o embaixador da China no Brasil, Li Jinzhang, quem invadiu área de pesca Chinesa foi o barco brasileiro Oceano Pesca I";FAKE
137;"Economia e Negócios";"Você sabia que vereadores, deputados, governadores, senadores não pagam imposto de renda! Nem contribuem com a previdência!";FAKE
138;"Economia e Negócios";"Por favor, passar para muitos grupos, fazer chegar a todas as companhias aéreas, e as autoridades dos aeroportos poderem vir a saber o que seus funcionários fazem. [...]: suposto funcionário da Gol furtando conteúdo em malas dentro de um avião.

";FAKE
144;Política;"Fim da escala 6x1: Dois dias de repouso semanal remunerado, sendo um deles preferencialmente aos domingos
Salário não poderá ser reduzido por causa diminuição da jornada; Dois meses após a promulgação da PEC, a jornada máxima passa das atuais 44 para 42 horas semanais; Um ano depois do fim desse primeiro período, cai definitivamente para 40 horas. Agência Brasil, Publicado em 30/08/2026. Brasília/DF.";"NÃO FAKE"
153;"Mídia, Informação e Redes Sociais";"O Papa Francisco cancelou a Bíblia por crer que a obra estava “desatualizada” para os dias atuais e que a Igreja deveria substituí-la por outro livro.";FAKE
159;Política;"O Conselho Federal da OAB ameaça expulsar profissionais que advogarem de graça para familiares de vítimas da tragédia em Brumadinho/ MG.
";FAKE
160;Política;"Fim da ""taxa das blusinhas"":  [...] O imposto de importação sobre compras internacionais de até US$ 50.  [...] A MP perde a validade no dia 8 de setembro de 2026. Se aprovada na comissão, ainda precisa passar pelos plenários da Câmara e do Senado. Agência Brasil*, 30/08/2026, Brasília/DF.";"NÃO FAKE"
161;"Segurança e Justiça";"A mãe disfarçando com as crianças até conseguir roubar a bolsa da mulher. Circula nas redes sociais o vídeo de uma mulher usando os filhos para furtar uma bolsa. De acordo com as legendas que acompanham a gravação, o caso teria acontecido em um shopping center da cidade do Rio de Janeiro (RJ).";FAKE
164;Política;"Tribunal Superior Eleitoral (TSE) formulou o Manual do Eleitor, que reúne em um único documento um resumo explicativo das principais normas e orientações para os cidadãos e cidadãs exercerem seu direito ao voto. O manual é fruto da Resolução nº 23.759 que o TSE publicou em março/26.  Alex Rodrigues, Agência Brasil, 30/08/2026, Brasília/DF.";"NÃO FAKE"
166;"Saúde e Bem-estar";"O Ministério da Saúde através da Agência Nacional de Vigilância Sanitária, suspendeu [...], a fabricação, distribuição, manipulação, comercialização e armazenagem de medicamentos com o princípio ativo denominado FENILPROPALAMINA. [...]. A FENILPROPALAMINA está presente em 22 medicamentos, especialmente nos anti-gripais.";FAKE
167;"Economia e Negócios";"A pequena vila de Bormida, na região da Liguria, Itália, irá oferecer 2 mil euros para quem quiser se mudar para lá.
Em maio de 2017, o jornal Il Secolo XIX publicou uma matéria informando que o prefeito de Bormida, Daniele Galliano, estava disposto a repovoar seu pequeno município, dando ajuda financeira a quem quisesse se mudar para lá. ";FAKE
169;"Meio Ambiente e Clima";"Inacreditável. Frustrante. Sabor amargo. Essas foram algumas das palavras usadas por organizações ambientais, representantes da sociedade civil e outros especialistas para avaliar os resultados da 17ª Conferência das Nações Unidas de Combate à Desertificação (COP17), que terminou nesta sexta-feira (28) em Ulaanbaatar, capital da Mongólia. Rafael Cardoso, Enviado Especial Ag. Brasil,  30/08/2026, Ulaanbaatar (Mongólia).";"NÃO FAKE"
177;Ciência;"Telescópio Roman: Nasa lança novo observatório espacial que terá uma visão do céu pelo menos 100 vezes maior.
O Telescópio Espacial Nancy Grace Roman da NASA se separou do segundo estágio do foguete Falcon Heavy da SpaceX às 8h57 (horário de Brasília) e passou a voar de forma autônoma. Por Redação g1, 30/08/2026.";"NÃO FAKE"
177;"Tecnologia e Inovação";"Telescópio Roman: Nasa lança novo observatório espacial que terá uma visão do céu pelo menos 100 vezes maior.
O Telescópio Espacial Nancy Grace Roman da NASA se separou do segundo estágio do foguete Falcon Heavy da SpaceX às 8h57 (horário de Brasília) e passou a voar de forma autônoma. Por Redação g1, 30/08/2026.";"NÃO FAKE"
178;Internacional;"Mar da Galiléia em Israel transborda pela primeira vez em 300 anos.";FAKE
182;Esporte;"Jacky Godmann e Gabriel Nascimento conquistaram a prata no C2 500m neste domingo (30). Essa medalha e o ouro de Isaquias Queiroz no C1 500m, no sábado (29), foram os pódios brasileiros no torneio. [...] Foi o primeiro pódio mundial sênior da dupla e também a primeira medalha do Brasil em um Mundial de canoagem velocidade sem Isaquias Queiroz. Juliano Justo, EBC, 30/08/2026, São Paulo.";"NÃO FAKE"
183;"Cultura e Entretenimento";"Nunca precisou da Lei Rouanet.  o artista brasileiro mais conhecido em Hollywood. Taí a diferença.";FAKE
184;"Meio Ambiente e Clima";"Eclipse lunar parcial quase total ocorreu entre a noite de 27 e a madrugada 28 de agosto de 2026, cobrindo cerca de 96,2% do disco lunar. A sombra projetada pela Terra no espaço tem duas regiões: a penumbra e a umbra.  Quando a Lua passa apenas pela penumbra, ocorre um eclipse penumbral. Já no eclipse parcial, uma parte da Lua entra na umbra. Por Roberto Peixoto, g1, 27/08/2026.";"NÃO FAKE"
185;Educação;"Desenrola Fies 2026 é a renegociação de dívidas. Estudantes podem parcelar dívidas e limpar nome no BB e na Caixa.
Daniella Almeida, Agência Brasil, 28/08/2026, Brasília/DF.";"NÃO FAKE"
190;Educação;"O Festival Nacional da Matemática (FestMat 2026) foi no Rio de Janeiro, apostando em uma linguagem pop para aproximar o público da ciência exata. A quarta edição do evento, promovida pelo Instituto de Matemática Pura e Aplicada (Impa). Com o tema A Matemática é Pop – Descubra os mundos da matemática, o festival utiliza a linguagem das histórias em quadrinhos (HQ) em seis espaços temáticos, cada um dedicado a um mundo da matemática. Alana Gandra,  Agência Brasil, 27/08/2026,  Rio de Janeiro.";"NÃO FAKE"
191;"Meio Ambiente e Clima";"O boi é a solução para o aquecimento global. Porque o pasto cresce, tira o carbono da atmosfera e o que o animal emite é menor do que ele removeu da atmosfera.";FAKE
192;"Saúde e Bem-estar";"Cada defensivo químico possui um intervalo chamado período de carência, que é o tempo necessário para que suas substâncias tóxicas se dissipem da planta. Após esse tempo, não existe mais risco para quem consumir esses alimentos.";FAKE
193;"Saúde e Bem-estar";"A Lei nº 15.211/2025, conhecida como ECA (Estatuto da Criança e do Adolescente) Digital ou “Lei Felca”, entrou em vigor nesta semana, estabelecendo regras a serem cumpridas por plataformas e lojas de aplicativos para proteção de menores online. O sistema de verificação de idade previsto na nova legislação baniu jogos eletrônicos e até o Linux do Brasil.";FAKE
193;"Direitos Humanos";"A Lei nº 15.211/2025, conhecida como ECA (Estatuto da Criança e do Adolescente) Digital ou “Lei Felca”, entrou em vigor nesta semana, estabelecendo regras a serem cumpridas por plataformas e lojas de aplicativos para proteção de menores online. O sistema de verificação de idade previsto na nova legislação baniu jogos eletrônicos e até o Linux do Brasil.";FAKE
194;"Saúde e Bem-estar";"Fazer gargarejo com água morna, sal e vinagre é bom para a saúde. Mar/2023.";FAKE
199;Política;"Atenção, não fotografem seu comprovante de voto. Isso é crime eleitoral!";FAKE
212;"Segurança e Justiça";"Ega Digital:  governo editou um decreto que regulamentou alguns pontos da lei. Entre as principais mudanças, estão:
O dever das plataformas de oferecer aos pais ferramentas de monitoramento do conteúdo acessado pelos seus filhos. Luiz Fernando Menezes, Aos Fatos, Mar./2026.";"NÃO FAKE"
213;"Segurança e Justiça";"O ECA Digital faz a proibição de “caixas de recompensa” em jogos eletrônicos acessados por menores de idade.";"NÃO FAKE"
213;"Direitos Humanos";"O ECA Digital faz a proibição de “caixas de recompensa” em jogos eletrônicos acessados por menores de idade.";"NÃO FAKE"
217;Política;"ECA Digital impõe a obrigação de que uma conta em rede social de crianças e adolescentes menores de 16 anos esteja vinculada a um responsável.";"NÃO FAKE"
217;"Direitos Humanos";"ECA Digital impõe a obrigação de que uma conta em rede social de crianças e adolescentes menores de 16 anos esteja vinculada a um responsável.";"NÃO FAKE"
221;"Direitos Humanos";"O ECA Digital faz a proibição da coleta de dados de crianças e adolescentes para direcionamento de publicidade.";"NÃO FAKE"
221;Política;"O ECA Digital faz a proibição da coleta de dados de crianças e adolescentes para direcionamento de publicidade.";"NÃO FAKE"
222;"Saúde e Bem-estar";"Se você está com Dengue preste atenção: de acordo com um estudo realizado pela UFMG, o suco feito de inhame carazinho corta os efeitos da Dengue em apenas 4 horas";FAKE
224;"Economia e Negócios";"O IPTU e o IPVA são duas indecências que só existem no Brasil. Você compra sua casa e seu carro, depois você tem que pagar um imposto para que o Estado te conceda o direito de possuir sua propriedade que Já é sua [...].";FAKE
225;"Direitos Humanos";"""A obrigação genérica de proteger e levar a sério a questão da idade já existe, mas a verificação de idade como obrigação detalhada ainda não vale plenamente. Enquanto essa regulamentação não sai, não há um ‘modelo oficial’ obrigatório nem uma fiscalização específica sobre o como verificar a idade. As plataformas podem adotar mecanismos próprios, mas ainda sem um padrão único definido pelo governo”, disse Antonielle Freitas, advogada especialista em direito digital do escritório Viseu Advogados. Mar./2026.";"NÃO FAKE"
227;"Saúde e Bem-estar";"Nipah é um vírus pertencente à família Paramyxoviridae transmitido de animais para seres humanos. Seu reservatório natural são morcegos que se alimentam de frutos, especialmente do gênero Pteropus, e eliminam o vírus pela saliva, pela urina e pelas fezes.  Bianca Bortolon, Aos Fatos, Jan./2026.";"NÃO FAKE"
228;"Saúde e Bem-estar";"O infectologista Benedito Fonseca, consultor da SBI e professor da USP (Universidade de São Paulo), explica: “Casos do Nipah no país só ocorrerão se uma pessoa com a doença se deslocar da Índia (no momento atual, mas também de outras regiões da Ásia com possível circulação deste vírus, como Bangladesh e Malásia) para o Brasil, pois o período da infecção até o aparecimento dos sintomas pode demorar de 4 a 14 dias.”, Aos Fatos, Jan./2026.";"NÃO FAKE"
231;Política;"O príncipe saudí Kahtani, 51 anos, com sua esposa Nawaf de 6 anos de idade. Arábia preside comissão de direitos humanos da ONU e nada acontece!";FAKE
231;"Sociedade e Comportamento";"O príncipe saudí Kahtani, 51 anos, com sua esposa Nawaf de 6 anos de idade. Arábia preside comissão de direitos humanos da ONU e nada acontece!";FAKE
232;"Meio Ambiente e Clima";"Ao entrevistar sob anonimato 12 profissionais do setor editorial, o Aos Fatos constatou que editoras sofrem forte patrulhamento para suavizar ou suprimir dados sobre desmatamento, mudanças climáticas, uso de agrotóxicos e escravidão contemporânea. O impacto mais visível dessa pressão silenciosa é a substituição sistemática de termos consagrados pela ciência: na edição de 2026 de um livro didático, por exemplo, a palavra “agrotóxicos” foi banida das páginas para dar lugar ao eufemismo comercial “defensivos agrícolas”. Aos Fatos, 27/Ago./2026.";"NÃO FAKE"
233;"Meio Ambiente e Clima";"Terremotos na Colômbia e na Venezuela foram causados por arma militar. Existe uma arma militar capaz de gerar terremotos. Como? Via lasers, ondas HAARP, balões e espécies de esferas voadoras que teriam sido identificadas no céu dos dois países antes — ou depois — dos sismos.";FAKE
233;Política;"Terremotos na Colômbia e na Venezuela foram causados por arma militar. Existe uma arma militar capaz de gerar terremotos. Como? Via lasers, ondas HAARP, balões e espécies de esferas voadoras que teriam sido identificadas no céu dos dois países antes — ou depois — dos sismos.";FAKE
235;"Meio Ambiente e Clima";"A avaliação é de Charlotte Scaddan, conselheira sênior em Integridade da Informação da ONU, que alerta para a necessidade de se equilibrar o jogo contra os setores que lucram com o atraso das políticas ambientais. “Precisamos de mais recursos para integridade da informação, especialmente considerando que interesses contrários à ação climática são altamente financiados”, afirmou Scaddan, em entrevista exclusiva ao Aos Fatos. Nov./2025.";"NÃO FAKE"
236;"Saúde e Bem-estar";"Publicado em 09 de abr de 2020. A Organização Mundial da Saúde admite publicamente que o contágio maior do coronavírus está acontecendo dentro de casa com os portadores assintomáticos do vírus! Por esse e outros motivos a quarentena forçada está piorando a pandemia!!";FAKE
237;"Direitos Humanos";"Maria da Penha revelou nunca ter sido agredida fisicamente pelo ex-marido.";FAKE
237;"Segurança e Justiça";"Maria da Penha revelou nunca ter sido agredida fisicamente pelo ex-marido.";FAKE
239;"Segurança e Justiça";"Publicado em 24 de mai de 2019. Atirador invade escola em Humaitá (AM) e dispara contra alunos. O ato deixou todos os alunos e funcionários em estado de pânico. ";FAKE
245;"Economia e Negócios";"Pessoas idosas acima de 60 anos não pagam estacionamento nos shoppings.";FAKE
258;"Saúde e Bem-estar";"Publicado em 14/01/2019. O primeiro passo é parar todo o consumo de açúcar, sem açúcar em seu corpo, as células cancerígenas morrem naturalmente";FAKE
263;"Economia e Negócios";"Publicado em 22/03/2017. [A reforma da Previdência] vai fazer com que os trabalhadores mais pobres deste país, sobretudo os trabalhadores rurais deste Nordeste, passem a receber metade de um salário mínimo [...]";FAKE
271;"Economia e Negócios";"Concessão do Parque do Ibirapuera] vai acabar com o Viveiro de mudas Manequinho Lopes.";FAKE
272;"Economia e Negócios";"Publicado em 27/02/2019. Acabou de ser anunciado no programa a voz do Brasil que, quem trabalhou entre 1995 a 2018 com carteira assinada tem direito a um abono de 1.023.00 reais [...]";FAKE
274;"Saúde e Bem-estar";"Chá de limão com alho e jambu está matando os sintomas do coronavírus. [...] Um limão, 2 dentes de alho e algumas folhas e flor de jambu, quanto mais forte o chá melhor. Lembre-se!  O vírus não foi embora e continua tirando vidas.";FAKE
277;Política;"Publicado em 28/12/2018. Numa rara fotografia, a imagem do herói de guerra cubano Che Guevara em batalha, lutando ferozmente contra um inimigo muito superior e armado até os dentes. Ele saiu vitorioso. [...]";FAKE
278;"Saúde e Bem-estar";"Médico do SUS faz alerta de surto de conjuntivite viral nível III.";FAKE
280;"Saúde e Bem-estar";"Publicado em 30/01/2020. Boletim do Departamento de Saúde do Canadá: informe suas famílias, parentes e amigos.";FAKE
282;Política;"Publicado em 11/12/2018. Príncipe Harry fez questão de conhecer Fernando Haddad e enviou uma carta ao presidente Lula";FAKE
282;Internacional;"Publicado em 11/12/2018. Príncipe Harry fez questão de conhecer Fernando Haddad e enviou uma carta ao presidente Lula";FAKE
284;"Economia e Negócios";"Publicado em 29/11/2018. Você sabia que 2% de toda arrecadação do veículo do Mercosul será destinado para a Entidade Internacional do Mercosul a RENAC, você sabe o que é a RENAC. RENAC é Reconstrucción Nacional de Cuba.";FAKE
284;Internacional;"Publicado em 29/11/2018. Você sabia que 2% de toda arrecadação do veículo do Mercosul será destinado para a Entidade Internacional do Mercosul a RENAC, você sabe o que é a RENAC. RENAC é Reconstrucción Nacional de Cuba.";FAKE
286;"Saúde e Bem-estar";"Publicado em 29/11/2018. A 'barrinha colorida' em caixa de leite indica produto vencido que voltou ao mercado. Isso indica que o produto que já venceu, voltou para o fabricante, que colocaram mais produtos para reaproveitar, e voltou para o mercado.";FAKE
289;"Tecnologia e Inovação";"Publicado em 12/06/2018. De 193 países no mundo, apenas 3 usam urnas eletrônicas: Brasil, Cuba e Venezuela.";FAKE
289;Internacional;"Publicado em 12/06/2018. De 193 países no mundo, apenas 3 usam urnas eletrônicas: Brasil, Cuba e Venezuela.";FAKE
290;"Economia e Negócios";"Publicado em 03/09/2018. O mais irônico é que a UFRJ recebeu uma grana forte do BNDES em junho para restaurar o museu. Agora, pergunta à UFRJ para onde essa grana foi. Vai, pergunta.";FAKE
291;"Saúde e Bem-estar";"Publicado em 2020-05-08. Número de mortes por Covid-19 caiu em Manaus após visita do ministro da Saúde";FAKE
293;"Saúde e Bem-estar";"Publicado em 30 de abr de 2020. OLHA ESSA IMAGEM QUE ABSURDO. Foto tirada NO GINASIO DO IBIRAPUERA, COMPLEXO PARA INFECTADOS POR COVID19 está lotado  que os MEDICOS E ENFERMEIROS NEM SABEM O QUE FAZER.";FAKE
294;"Economia e Negócios";"Publicado em 26/04/2019. Documento do Wikileaks revela que Globo repassou à Unesco apenas 10% do que arrecadou com o Criança Esperança";FAKE
295;"Saúde e Bem-estar";"Publicado em 2020-04-30. FORAM DESENTERRADOS DIVERSOS CAIXOES NO CEMITERIO DE BH E ENCONTRARAM PEDRAS E PAPELAO DENTRO! E DAI , HIPOCRITAS!";FAKE
295;"Direitos Humanos";"Publicado em 2020-04-30. FORAM DESENTERRADOS DIVERSOS CAIXOES NO CEMITERIO DE BH E ENCONTRARAM PEDRAS E PAPELAO DENTRO! E DAI , HIPOCRITAS!";FAKE
296;"Segurança e Justiça";"Publicado em 28/11/2018. A Comissão de Direitos Humanos de Minas Gerais ... conseguiu autorizar a prisão do estudante de 21 anos que reagiu a um assalto com arma de brinquedo e espancou o bandido.[...]";FAKE
297;"Economia e Negócios";"Publicado em 28/11/2018. Você sabia que 2% de toda arrecadação do veículo do Mercosul será destinado para a Entidade Internacional do Mercosul, a RENAC, você sabe o que é a RENAC ... RENAC é Reconstrucción Nacional de Cuba.";FAKE
297;Internacional;"Publicado em 28/11/2018. Você sabia que 2% de toda arrecadação do veículo do Mercosul será destinado para a Entidade Internacional do Mercosul, a RENAC, você sabe o que é a RENAC ... RENAC é Reconstrucción Nacional de Cuba.";FAKE
299;"Saúde e Bem-estar";"Publicado em 2020-04-30. Esses coveiros são muito fortes, entre o peso do caixão e o corpo é no mínimo 4 pessoas para carregar. ... Caixões vazios são enterrados para os prefeitos cobrarem falsos enterros ao Governo Federal e com isso seguir com a máquina de roubo de dinheiro público Federal.";FAKE
299;"Direitos Humanos";"Publicado em 2020-04-30. Esses coveiros são muito fortes, entre o peso do caixão e o corpo é no mínimo 4 pessoas para carregar. ... Caixões vazios são enterrados para os prefeitos cobrarem falsos enterros ao Governo Federal e com isso seguir com a máquina de roubo de dinheiro público Federal.";FAKE
301;"Saúde e Bem-estar";"Vacinar crianças é obrigatório, e pais que descumprem podem até perder guarda.";"NÃO FAKE"
301;"Sociedade e Comportamento";"Vacinar crianças é obrigatório, e pais que descumprem podem até perder guarda.";"NÃO FAKE"
302;"Saúde e Bem-estar";"Publicado em 2020-03-19. Caminhões militares estão carregando corpos em Bergamo, para prosseguir com o processo de cremação.";"NÃO FAKE"
302;"Direitos Humanos";"Publicado em 2020-03-19. Caminhões militares estão carregando corpos em Bergamo, para prosseguir com o processo de cremação.";"NÃO FAKE"
303;Educação;"Publicado em 2020-04-06. Pesquisadores da USP desenvolvem ventilador pulmonar de baixo custo - TNH1";"NÃO FAKE"
303;"Saúde e Bem-estar";"Publicado em 2020-04-06. Pesquisadores da USP desenvolvem ventilador pulmonar de baixo custo - TNH1";"NÃO FAKE"
304;"Tecnologia e Inovação";"Publicado em 2020-04-07. Certificado digital do Banco Inter é revogado após chave vazar na web";"NÃO FAKE"
305;"Tecnologia e Inovação";"Publicado em 2020-04-07. Windows: formatar o PC é a maneira mais eficiente de eliminar vírus";"NÃO FAKE"
306;"Tecnologia e Inovação";"Publicado em 2020-04-07. Pesquisador acha 5 mil roteadores de internet sem senha no Brasil";"NÃO FAKE"
307;"Tecnologia e Inovação";"Publicado em 2020-04-07. Opera Touch: conheça o novo navegador de internet para dispositivos móveis pode ser usado só com uma mão";"NÃO FAKE"
308;"Tecnologia e Inovação";"Publicado em 2020-04-07. Android: clicar sobre o link do esquilo faz com que seja instalado um vírus perigoso no celular";"NÃO FAKE"
309;"Tecnologia e Inovação";"Publicado em 2020-04-07. Provedor que derrubou site nazista pode ser julgado por pirataria";"NÃO FAKE"
310;"Tecnologia e Inovação";"Publicado em 2020-04-07. Intel está corrigindo novas versões da falha Spectre, diz site";"NÃO FAKE"
311;"Segurança e Justiça";"Publicado em 2020-04-07. Boletos falsos e golpe no Mercado Livre: pacotão de segurança";"NÃO FAKE"
312;"Tecnologia e Inovação";"Publicado em 2020-04-07. Aplicativo Signal sofre bloqueio após mudanças do Google e da Amazon";"NÃO FAKE"
313;"Tecnologia e Inovação";"Publicado em 2020-04-07. Windows 10 Spring Creators Update: instalou a atualização do sistema, e tem como liberar até 10 GB de espaço no HD";"NÃO FAKE"
314;"Economia e Negócios";"Publicado em 2020-04-07. Golpe da promoção falsa do O Boticário de Dia das Mães.";"NÃO FAKE"
315;"Tecnologia e Inovação";"Publicado em 2020-04-07. Saber quem visita perfil no Facebook e segurança do Android: pacotão";"NÃO FAKE"
316;"Segurança e Justiça";"Publicado em 2020-04-07. Golpe do Bolsa Família atrai 600 mil vítimas no WhatsApp";"NÃO FAKE"
317;Educação;"Publicado em 07 de abr de 2020. Grasshopper: game interativo que ensina a programar no celular. O conteúdo tem uma apresentação lúdica que permite resolver pequenos desafios utilizando a lógica de programação para o desenvolvimento gradativo das habilidades. ";"NÃO FAKE"
318;"Segurança e Justiça";"Publicado em 2020-04-07. Facebook: saiba como denunciar ofensas e abusos ocorridos na rede social";"NÃO FAKE"
320;"Tecnologia e Inovação";"Publicado em 07 de abr de 2020. CloudFlare, um proxy reverso, permite acelerar a navegação da internet no celular usando novo DNS (sistema de gerenciamento de nomes na rede e na internet) público.";"NÃO FAKE"
321;"Tecnologia e Inovação";"Publicado em 2020-04-07. AMD lança nova atualização para corrigir falha Spectre";"NÃO FAKE"
322;"Tecnologia e Inovação";"Publicado em 2020-04-07. Facebook lança ferramenta de remoção de aplicativos em massa";"NÃO FAKE"
323;"Segurança e Justiça";"Publicado em 2020-04-07. Grande ameaça hacker de 2017, vírus de resgate estão em declínio";"NÃO FAKE"
324;Política;"Publicado em 2020-04-07. Mark Zuckerberg, CEO do Facebook, testemunha diante do Congresso dos EUA pela 1 vez.";"NÃO FAKE"
324;Internacional;"Publicado em 2020-04-07. Mark Zuckerberg, CEO do Facebook, testemunha diante do Congresso dos EUA pela 1 vez.";"NÃO FAKE"
325;"Segurança e Justiça";"Publicado em 2020-04-07. Facebook: é possível ter a conta hackeada só por ter aceito uma solicitação de amizade";"NÃO FAKE"
327;Educação;"Publicado em 2020-04-07. MEC autoriza antecipar formatura em medicina, enfermagem, farmácia e fisioterapia devido à pandemia do coronavírus.";"NÃO FAKE"
327;"Saúde e Bem-estar";"Publicado em 2020-04-07. MEC autoriza antecipar formatura em medicina, enfermagem, farmácia e fisioterapia devido à pandemia do coronavírus.";"NÃO FAKE"
328;Educação;"Publicado em 2020-04-07. Universidades federais da Zona da Mata e Vertentes adotam medidas orçamentárias para pesquisas da Covid-19.";"NÃO FAKE"
328;"Saúde e Bem-estar";"Publicado em 2020-04-07. Universidades federais da Zona da Mata e Vertentes adotam medidas orçamentárias para pesquisas da Covid-19.";"NÃO FAKE"
330;Educação;"Publicado em 2020-04-07. MEC abre cadastro para estudantes de medicina, enfermagem, farmácia e fisioterapia atuarem no combate ao coronavírus";"NÃO FAKE"
331;"Saúde e Bem-estar";"Publicado em 2020-04-07. Coronavírus: UFSCar amplia medidas protetivas para residentes na moradia estudantil.";"NÃO FAKE"
331;Educação;"Publicado em 2020-04-07. Coronavírus: UFSCar amplia medidas protetivas para residentes na moradia estudantil.";"NÃO FAKE"
332;"Saúde e Bem-estar";"Publicado em 2020-04-07. Coronavírus: Unicamp começa testes rápidos com resultados em até 48h para diagnóstico da Covid-19";"NÃO FAKE"
333;"Saúde e Bem-estar";"Publicado em 2020-04-07. Coronavírus: Unicamp é credenciada e negocia com estado para realizar até 180 mil testes";"NÃO FAKE"
335;Educação;"Publicado em 2020-04-07. Enem em tempos de pandemia: o que muda na preparação dos jovens para a prova de 2020";"NÃO FAKE"
336;"Tecnologia e Inovação";"Publicado em 2020-04-07. Multinacional e universidade da região de Piracicaba criam máscaras com impressoras 3D";"NÃO FAKE"
337;Educação;"Publicado em 2020-04-07. UFSCar suspende calendários dos cursos de graduação presenciais por tempo indeterminado";"NÃO FAKE"
338;Educação;"Publicado em 2020-04-07. Inep divulga regras do Enem 2020 e datas de inscrição; edição terá provas impressas e digitais";"NÃO FAKE"
339;"Saúde e Bem-estar";"Publicado em 2020-04-07. Mães sobrecarregadas, jovens ainda nas ruas: os desafios da quarentena para crianças em regiões carentes";"NÃO FAKE"
342;"Saúde e Bem-estar";"Publicado em 2020-04-07. Coronavírus: pesquisadores da Unifesp doam para hospitais máscaras feitas em impressora 3D.";"NÃO FAKE"
342;"Tecnologia e Inovação";"Publicado em 2020-04-07. Coronavírus: pesquisadores da Unifesp doam para hospitais máscaras feitas em impressora 3D.";"NÃO FAKE"
343;Educação;"Publicado em 2020-04-07. Universidades públicas suspendem aulas virtuais em meio ao coronavírus; particulares se mobilizam contra redução de mensalidades.";"NÃO FAKE"
343;"Saúde e Bem-estar";"Publicado em 2020-04-07. Universidades públicas suspendem aulas virtuais em meio ao coronavírus; particulares se mobilizam contra redução de mensalidades.";"NÃO FAKE"
344;"Saúde e Bem-estar";"Publicado em 2020-04-07. Coronavírus: Unicamp recebe estrutura móvel para triagem de pacientes, consultas e leitos de UTI";"NÃO FAKE"
344;"Cidades e Cotidiano";"Publicado em 2020-04-07. Coronavírus: Unicamp recebe estrutura móvel para triagem de pacientes, consultas e leitos de UTI";"NÃO FAKE"
345;"Saúde e Bem-estar";"Publicado em 2020-04-07. Farmácia Universitária produz álcool em gel para serviços de saúde em Juiz de Fora";"NÃO FAKE"
346;Educação;"Publicado em 2020-04-07. Desenho e pintura para crianças: 10 dicas de atividades para fazer em casa na quarentena";"NÃO FAKE"
346;"Saúde e Bem-estar";"Publicado em 2020-04-07. Desenho e pintura para crianças: 10 dicas de atividades para fazer em casa na quarentena";"NÃO FAKE"
347;Educação;"Publicado em 2020-04-07. Como montar um plano de estudos para as crianças que seja adequado à rotina de isolamento por causa do coronavírus.";"NÃO FAKE"
347;"Saúde e Bem-estar";"Publicado em 2020-04-07. Como montar um plano de estudos para as crianças que seja adequado à rotina de isolamento por causa do coronavírus.";"NÃO FAKE"
348;Educação;"Publicado em 2020-04-07. Estados vão manter aulas suspensas para frear transmissão do novo coronavírus, diz entidade";"NÃO FAKE"
349;Educação;"Publicado em 2020-04-07. UFJF suspende calendário acadêmico de 2020 por tempo indeterminado após coronavírus.";"NÃO FAKE"
349;"Saúde e Bem-estar";"Publicado em 2020-04-07. UFJF suspende calendário acadêmico de 2020 por tempo indeterminado após coronavírus.";"NÃO FAKE"
350;Educação;"Publicado em 2020-04-07. Rotina, agenda e apoio: saiba como ajudar que as crianças aproveitem o tempo na quarentena.";"NÃO FAKE"
350;"Saúde e Bem-estar";"Publicado em 2020-04-07. Rotina, agenda e apoio: saiba como ajudar que as crianças aproveitem o tempo na quarentena.";"NÃO FAKE"
351;Educação;"Publicado em 2020-04-07. Coronavírus faz educação a distância esbarrar no desafio do acesso à internet e da inexperiência dos alunos.";"NÃO FAKE"
351;"Saúde e Bem-estar";"Publicado em 2020-04-07. Coronavírus faz educação a distância esbarrar no desafio do acesso à internet e da inexperiência dos alunos.";"NÃO FAKE"
352;"Segurança e Justiça";"Publicado em 2020-04-07. Absurdo total: cientistas condenam teoria espalhada na internet de que 5G transmite coronavírus";"NÃO FAKE"
353;"Economia e Negócios";"Publicado em 2020-04-07. Precisamos entender que fazemos parte de um grande ecossistema, diz empresário por trás do Não Demita!";"NÃO FAKE"
354;"Economia e Negócios";"Publicado em 2020-04-07. Como será feito o pagamento do auxílio emergencial de R$ 600";"NÃO FAKE"
355;"Economia e Negócios";"Publicado em 2020-04-07. China ultrapassa EUA e se torna campeã de pedidos internacionais de patentes.";"NÃO FAKE"
355;Internacional;"Publicado em 2020-04-07. China ultrapassa EUA e se torna campeã de pedidos internacionais de patentes.";"NÃO FAKE"
356;"Economia e Negócios";"Publicado em 2020-04-07. Gol suspende projeções e manterá maior parte da frota em terra até maio (2020), citando a incerteza sobre o impacto e a duração da pandemia de Covid-19, que fez a companhia aérea reduzir drasticamente sua oferta de voos.";"NÃO FAKE"
357;"Economia e Negócios";"Publicado em 2020-04-07. Caixa lança site e aplicativo para solicitar auxílio emergencial de R$ 600";"NÃO FAKE"
358;"Saúde e Bem-estar";"Publicado em 2020-04-07. Japão declara emergência por coronavírus e aprova estímulo de quase US$ 1 trilhão";"NÃO FAKE"
359;"Tecnologia e Inovação";"Publicado em 2020-04-07. WhatsApp limita reenvio de mensagens a 1 destinatário por vez em meio à crise do novo coronavírus.";"NÃO FAKE"
359;"Saúde e Bem-estar";"Publicado em 2020-04-07. WhatsApp limita reenvio de mensagens a 1 destinatário por vez em meio à crise do novo coronavírus.";"NÃO FAKE"
360;"Economia e Negócios";"Publicado em 2020-04-07. Vendas online de supermercados quase dobram após o coronavírus, entregas atrasam e exigem investimentos das empresas.";"NÃO FAKE"
360;"Saúde e Bem-estar";"Publicado em 2020-04-07. Vendas online de supermercados quase dobram após o coronavírus, entregas atrasam e exigem investimentos das empresas.";"NÃO FAKE"
361;"Economia e Negócios";"Publicado em 2020-04-07. Suspensão de contrato e redução de salário têm efeito após manifestação de sindicatos, decide ministro";"NÃO FAKE"
362;"Segurança e Justiça";"Publicado em 2020-04-07. Anvisa para de usar ferramenta de videoconferência Zoom, citando possíveis falhas de segurança";"NÃO FAKE"
362;"Tecnologia e Inovação";"Publicado em 2020-04-07. Anvisa para de usar ferramenta de videoconferência Zoom, citando possíveis falhas de segurança";"NÃO FAKE"
363;"Economia e Negócios";"Publicado em 2020-04-07. Preços do petróleo caem após Arábia Saudita e Rússia adiarem reunião";"NÃO FAKE"
364;"Economia e Negócios";"Publicado em 2020-04-07. Canadá e EUA encaram perdas em safras por falta de mão de obra estrangeira.";"NÃO FAKE"
364;Internacional;"Publicado em 2020-04-07. Canadá e EUA encaram perdas em safras por falta de mão de obra estrangeira.";"NÃO FAKE"
365;"Saúde e Bem-estar";"Publicado em 2020-04-07. Casal brasileiro na Namíbia faz apelo: Não nos deixem para trás.";"NÃO FAKE"
365;Internacional;"Publicado em 2020-04-07. Casal brasileiro na Namíbia faz apelo: Não nos deixem para trás.";"NÃO FAKE"
366;"Saúde e Bem-estar";"Publicado em 2020-04-07. Ministério da Saúde define novas orientações sobre distanciamento social.";"NÃO FAKE"
366;"Sociedade e Comportamento";"Publicado em 2020-04-07. Ministério da Saúde define novas orientações sobre distanciamento social.";"NÃO FAKE"
367;"Saúde e Bem-estar";"Publicado em 2020-04-07. Temos de usar sacos de lixo na cabeça: médicos britânicos improvisam no combate ao coronavírus.";"NÃO FAKE"
367;Internacional;"Publicado em 2020-04-07. Temos de usar sacos de lixo na cabeça: médicos britânicos improvisam no combate ao coronavírus.";"NÃO FAKE"
368;Educação;"Publicado em 2020-04-20. Justiça manda Inep ampliar prazo para isenção de taxa de inscrição e adequar cronograma do Enem";"NÃO FAKE"
369;"Saúde e Bem-estar";"Publicado em 2020-04-20. Estudo em parceria com a Unesp de Botucatu prevê pandemia mais forte no interior de SP em três semanas";"NÃO FAKE"
370;Educação;"Publicado em 2020-04-20. Presidente do CNPq, João Luiz Filgueiras de Azevedo é exonerado";"NÃO FAKE"
372;Educação;"Publicado em 2020-04-20. Defensoria pede que data do Enem 2020 seja alterada por causa da pandemia de coronavírus.";"NÃO FAKE"
372;"Saúde e Bem-estar";"Publicado em 2020-04-20. Defensoria pede que data do Enem 2020 seja alterada por causa da pandemia de coronavírus.";"NÃO FAKE"
373;Educação;"Publicado em 2020-04-20. ITA divulga datas para o vestibular 2021 e estuda aumento de vagas";"NÃO FAKE"
374;Educação;"Publicado em 2020-04-20. Jovens sem estrutura para estudar em casa temem por desvantagem no Enem: Atrapalhou tudo";"NÃO FAKE"
376;Educação;"Publicado em 2020-04-20. Reabertura de escolas a partir de 11 de maio anunciada por Macron gera polêmica na França.";"NÃO FAKE"
376;Internacional;"Publicado em 2020-04-20. Reabertura de escolas a partir de 11 de maio anunciada por Macron gera polêmica na França.";"NÃO FAKE"
377;Educação;"Publicado em 2020-04-20. Enem 2020: prazo para pedir isenção na taxa de inscrição e justificar ausência termina nesta sexta";"NÃO FAKE"
378;"Economia e Negócios";"Publicado em 2020-04-20. Coronavírus: Justiça aceita pedido do MPF e direciona R$ 1 milhão de delação premiada para Unicamp.";"NÃO FAKE"
378;"Saúde e Bem-estar";"Publicado em 2020-04-20. Coronavírus: Justiça aceita pedido do MPF e direciona R$ 1 milhão de delação premiada para Unicamp.";"NÃO FAKE"
379;Educação;"Publicado em 2020-04-20. Unicamp 2021: comissão divulga prazo para pedidos de isenção e estende benefício a novos cursos";"NÃO FAKE"
380;Educação;"Publicado em 2020-04-20. MEC flexibiliza antecipação de formatura em áreas da saúde e exclui atuação exclusivamente no combate à pandemia";"NÃO FAKE"
381;"Saúde e Bem-estar";"Publicado em 2020-04-20. Coronavírus: Unicamp registra 300 pedidos para emprestar equipamentos em ações remotas e monitora impacto econômico";"NÃO FAKE"
382;Educação;"Publicado em 2020-04-20. Nova York decide manter escolas fechadas pelo resto do ano letivo, em meio à expansão de casos de coronavírus";"NÃO FAKE"
383;Educação;"Publicado em 2020-04-20. Unicamp 2021: vestibular será de acordo com restrições da pandemia de coronavírus, diz Comvest.";"NÃO FAKE"
383;"Saúde e Bem-estar";"Publicado em 2020-04-20. Unicamp 2021: vestibular será de acordo com restrições da pandemia de coronavírus, diz Comvest.";"NÃO FAKE"
384;"Saúde e Bem-estar";"Publicado em 2020-04-20. Unicamp diz que apoio ao uso da cloroquina contra coronavírus se baseia em evidências frágeis";"NÃO FAKE"
385;Educação;"Publicado em 2020-04-20. Janio Macedo, secretário de Educação Básica, pede demissão do MEC";"NÃO FAKE"
386;Educação;"Publicado em 2020-04-20. Estados adotam plataformas online e aulas na TV aberta para levar conteúdo a estudantes em meio à pandemia de coronavírus.";"NÃO FAKE"
386;"Saúde e Bem-estar";"Publicado em 2020-04-20. Estados adotam plataformas online e aulas na TV aberta para levar conteúdo a estudantes em meio à pandemia de coronavírus.";"NÃO FAKE"
387;Educação;"Publicado em 2020-04-20. Para enfrentar quarentena, alunos da Unesp (Universidade Estadual Paulista) e UFSCar (Universidade Federal de São Carlos) recriam faculdades em realidade virtual.";"NÃO FAKE"
388;"Saúde e Bem-estar";"Publicado em 2020-04-20. Coronavírus: serviço de orientação da Unicamp recebe 300 ligações em uma semana e alunos da PUC atendem via chat; tire dúvidas.";"NÃO FAKE"
388;Educação;"Publicado em 2020-04-20. Coronavírus: serviço de orientação da Unicamp recebe 300 ligações em uma semana e alunos da PUC atendem via chat; tire dúvidas.";"NÃO FAKE"
389;"Economia e Negócios";"Publicado em 20 de abr de 2020. Coronavírus: Justiça manda bancos suspenderem cobrança de empréstimos de aposentados. Decisão da Justiça do DF, que valeu por 4 meses, foi por Juiz entender que a medida faz com que idosos não precisem sair de casa em meio à pandemia.";"NÃO FAKE"
389;"Saúde e Bem-estar";"Publicado em 20 de abr de 2020. Coronavírus: Justiça manda bancos suspenderem cobrança de empréstimos de aposentados. Decisão da Justiça do DF, que valeu por 4 meses, foi por Juiz entender que a medida faz com que idosos não precisem sair de casa em meio à pandemia.";"NÃO FAKE"
390;"Economia e Negócios";"Publicado em 2020-04-20. Petrobras reduz preço da gasolina em 8% nas refinarias; diesel cai 4%";"NÃO FAKE"
391;"Economia e Negócios";"Publicado em 2020-04-20. Agências da Caixa voltam a registrar filas e aglomerações para saques do auxílio emergencial em Fortaleza";"NÃO FAKE"
392;"Economia e Negócios";"Publicado em 2020-04-20. Preço do petróleo americano despenca e opera em terreno negativo pela primeira vez na história";"NÃO FAKE"
393;"Economia e Negócios";"Publicado em 2020-04-20. Mercado financeiro prevê queda do PIB em 2020 próxima de 3% e novo corte na Selic";"NÃO FAKE"
394;"Economia e Negócios";"Publicado em 2020-04-20. Recessão aumentou mortes em cidades onde gasto com assistência e saúde foi menor, diz estudo";"NÃO FAKE"
395;"Economia e Negócios";"Publicado em 2020-04-20. Famílias com renda de cerca de R$ 3 mil devem ter maior perda de consumo com crise do coronavírus";"NÃO FAKE"
396;"Economia e Negócios";"Publicado em 2020-04-20. Produção comercial de castanhas na Amazônia ajuda na recuperação de florestas e movimenta economia local.";"NÃO FAKE"
396;"Meio Ambiente e Clima";"Publicado em 2020-04-20. Produção comercial de castanhas na Amazônia ajuda na recuperação de florestas e movimenta economia local.";"NÃO FAKE"
397;"Economia e Negócios";"Publicado em 2020-04-20. Chuvas ajudam e safra na Paraíba deverá ser 20% maior.";"NÃO FAKE"
397;"Meio Ambiente e Clima";"Publicado em 2020-04-20. Chuvas ajudam e safra na Paraíba deverá ser 20% maior.";"NÃO FAKE"
398;"Economia e Negócios";"Publicado em 2020-04-20. Perfil de vendas em lojas de material de construção muda durante a pandemia do coronavírus";"NÃO FAKE"
399;"Economia e Negócios";"Publicado em 2020-04-20. Coronavírus interrompe série histórica de Viracopos e total de passageiros reduz 31% em março.";"NÃO FAKE"
399;"Saúde e Bem-estar";"Publicado em 2020-04-20. Coronavírus interrompe série histórica de Viracopos e total de passageiros reduz 31% em março.";"NÃO FAKE"
400;"Economia e Negócios";"Publicado em 2020-04-20. Após liberar gastos em razão do coronavírus, governo voltará a restringir despesas em 2021.";"NÃO FAKE"
400;"Saúde e Bem-estar";"Publicado em 2020-04-20. Após liberar gastos em razão do coronavírus, governo voltará a restringir despesas em 2021.";"NÃO FAKE"
401;"Economia e Negócios";"Publicado em 2020-04-20. Justiça determina que bancos suspendam por 4 meses débitos de consignados para aposentados";"NÃO FAKE"
402;"Economia e Negócios";"Publicado em 2020-04-20. Justiça proíbe bancos de cobrarem crédito consignado de aposentados - Notícias - R7 Economia";"NÃO FAKE"
403;Educação;"Publicado em 2020-04-21. Alunos do ensino médio da rede pública do DF começam a ter aulas online nesta quarta";"NÃO FAKE"
404;"Economia e Negócios";"Publicado em 2020-04-21. Inglesa Norton Motorcycles é comprada pela indiana TVS, atual parceira de BMW e Dafra.";"NÃO FAKE"
404;Internacional;"Publicado em 2020-04-21. Inglesa Norton Motorcycles é comprada pela indiana TVS, atual parceira de BMW e Dafra.";"NÃO FAKE"
406;Política;"Publicado em 2020-04-21. Medidas do governo durante a pandemia mudam a vida do trabalhador";"NÃO FAKE"
407;"Economia e Negócios";"Publicado em 2020-04-21. Guedes diz que preservar sinais vitais da economia não significa sair do isolamento agora";"NÃO FAKE"
408;"Tecnologia e Inovação";"Publicado em 2020-04-21. Facebook remove de plataforma eventos nos EUA de protestos contra quarentena";"NÃO FAKE"
409;"Economia e Negócios";"Publicado em 2020-04-21. Trump anuncia compra de 75 milhões de barris de petróleo para reserva dos EUA.";"NÃO FAKE"
409;Internacional;"Publicado em 2020-04-21. Trump anuncia compra de 75 milhões de barris de petróleo para reserva dos EUA.";"NÃO FAKE"
410;"Economia e Negócios";"Publicado em 2020-04-21. O preço do petróleo americano caiu abaixo de zero e isso afeta o mundo";"NÃO FAKE"
411;"Economia e Negócios";"Publicado em 2020-04-21. Auxílio de R$ 600: Caixa anuncia antecipação da segunda parcela";"NÃO FAKE"
412;"Saúde e Bem-estar";"Publicado em 2020-04-23. Coronavírus: Unicamp estende suspensão de atividades presenciais e Cruesp reforça importância do isolamento";"NÃO FAKE"
413;"Saúde e Bem-estar";"Publicado em 2020-04-23. UFJF distribui máscaras e kits de higiene para pessoas em situação de vulnerabilidade em Juiz de Fora";"NÃO FAKE"
414;Educação;"Publicado em 2020-04-23. MEC adia versão digital do Enem 2020 e muda regra para isenção de taxa de inscrição";"NÃO FAKE"
416;"Economia e Negócios";"Publicado em 2020-04-23. Trabalhadores relatam problemas para receber seguro-desemprego; governo implanta atendimento remoto para quem está com dificuldades";"NÃO FAKE"
417;"Economia e Negócios";"Publicado em 2020-04-23. Filas e incerteza: mulheres que criam filhos sozinhas esperam pelo auxílio-emergencial durante pandemia";"NÃO FAKE"
418;"Economia e Negócios";"Publicado em 2020-04-23. Redução de jornada e salário e suspensão de contratos já dominam convenções e acordos coletivos";"NÃO FAKE"
419;"Economia e Negócios";"Publicado em 2020-04-23. Veja as vagas de emprego do Sine Macapá para 23 de abril; inscrições são apenas pela web";"NÃO FAKE"
420;"Economia e Negócios";"Publicado em 2020-04-23. Após ter anunciado, governo diz agora que não pode antecipar 2 parcela do auxílio de R$ 600";"NÃO FAKE"
421;"Economia e Negócios";"Publicado em 2020-04-23. Credores da Odebrecht aprovam planos de reestruturação para 12 de 20 subsidiárias";"NÃO FAKE"
422;"Economia e Negócios";"Publicado em 2020-04-23. BNDES diz que emprestou em 14 dias R$ 66 milhões para financiar salários de 3.770 empresas";"NÃO FAKE"
423;Política;"Publicado em 2020-04-23. Senado aprova projeto que estende auxílio de R$ 600 a mães adolescentes e pais solteiros";"NÃO FAKE"
423;"Economia e Negócios";"Publicado em 2020-04-23. Senado aprova projeto que estende auxílio de R$ 600 a mães adolescentes e pais solteiros";"NÃO FAKE"
424;Política;"Publicado em 2020-04-23. Câmara aprova projeto que cria linha de crédito para micro e pequenas empresas.";"NÃO FAKE"
424;"Economia e Negócios";"Publicado em 2020-04-23. Câmara aprova projeto que cria linha de crédito para micro e pequenas empresas.";"NÃO FAKE"
425;Educação;"Publicado em 2020-04-23. A BBC Brasil fez um levantamento junto ao Google de perguntas que começam com 'o que fazer' e 'como fazer' em associação com o termo coronavírus, e como fazer máscaras e pudim foi o que os brasileiros mais buscaram no Google em meio à pandemia.";"NÃO FAKE"
426;"Economia e Negócios";"Publicado em 2020-04-23. Nissan suspende contratos de trabalhadores de produção no Brasil por 1 mês";"NÃO FAKE"
427;"Economia e Negócios";"Publicado em 2020-04-23. Transporte rodoviário de cargas tem queda na demanda de 45% no Brasil, diz pesquisa";"NÃO FAKE"
428;"Economia e Negócios";"Publicado em 2020-04-23. Fiat Chrysler chega a acordo com trabalhadores para redução de jornada no Brasil";"NÃO FAKE"
430;"Economia e Negócios";"Publicado em 2020-04-23. Indústria de frango no Brasil vê corte na produção por efeito do coronavírus";"NÃO FAKE"
431;"Economia e Negócios";"Publicado em 2020-04-23. JBS fecha unidade de suínos nos EUA devido ao coronavírus e reduz oferta no país.";"NÃO FAKE"
431;Internacional;"Publicado em 2020-04-23. JBS fecha unidade de suínos nos EUA devido ao coronavírus e reduz oferta no país.";"NÃO FAKE"
432;"Economia e Negócios";"Publicado em 2020-04-24. Resgate econômico e coronavírus: de onde vem o dinheiro de ajuda durante a pandemia";"NÃO FAKE"
435;Política;"Publicado em 2020-04-24. Alcolumbre diz que articula contrapartidas de estados em projeto de ajuda financeira";"NÃO FAKE"
436;"Saúde e Bem-estar";"Publicado em 2020-04-24. Mais de 5 mil funcionários da indústria de carnes dos EUA foram expostos ao coronavírus, diz associação";"NÃO FAKE"
437;"Economia e Negócios";"Publicado em 2020-04-24. Auxílio emergencial: quem se cadastrou entre 7 e 10 de abril no aplicativo da Caixa e ainda está sob análise deve revisar o cadastro, diz Cidadania";"NÃO FAKE"
437;"Sociedade e Comportamento";"Publicado em 2020-04-24. Auxílio emergencial: quem se cadastrou entre 7 e 10 de abril no aplicativo da Caixa e ainda está sob análise deve revisar o cadastro, diz Cidadania";"NÃO FAKE"
439;"Economia e Negócios";"Publicado em 2020-04-24. Brasil tem 47 shoppings reabertos em 8 estados, diz associação";"NÃO FAKE"
440;"Economia e Negócios";"Publicado em 2020-04-24. Para especialistas, aumento do endividamento público pode prejudicar plano Pró-Brasil";"NÃO FAKE"
441;"Economia e Negócios";"Publicado em 2020-04-24. Indústria de veículos se prepara para retomada, mas em velocidade menor, diz Anfavea";"NÃO FAKE"
442;"Economia e Negócios";"Publicado em 2020-04-24. Mercedes-Benz suspende contratos e reduz jornadas de trabalho em São Bernardo do Campo, SP";"NÃO FAKE"
443;"Economia e Negócios";"Publicado em 2020-04-24. Senado aprova projeto que cria linha de crédito para micro e pequenas empresas";"NÃO FAKE"
445;Educação;"Publicado em 2020-04-27. Fim do confinamento: retorno às escolas em 11 de maio divide pais de alunos na França.";"NÃO FAKE"
445;Internacional;"Publicado em 2020-04-27. Fim do confinamento: retorno às escolas em 11 de maio divide pais de alunos na França.";"NÃO FAKE"
446;"Economia e Negócios";"Publicado em 2020-04-27. Região de Campinas inicia semana com oportunidades de emprego em 3 cidades e inscrição para 158 vagas em concurso público";"NÃO FAKE"
447;"Economia e Negócios";"Publicado em 2020-04-27. Auxílio Emergencial: saques em dinheiro da poupança digital começam a ser liberados nesta segunda, conforme calendário";"NÃO FAKE"
448;"Economia e Negócios";"Publicado em 2020-04-27. Auxílio Emergencial: como sacar em dinheiro o benefício depositado na poupança digital da Caixa";"NÃO FAKE"
449;"Economia e Negócios";"Publicado em 2020-04-27. Com isolamento e renda menor, brasileiro consome menos e foca em produtos básicos";"NÃO FAKE"
450;"Economia e Negócios";"Publicado em 2020-04-27. Especialistas avaliam que crise pelo coronavírus contribuiu para fim do acordo entre Boeing e Embraer";"NÃO FAKE"
451;"Economia e Negócios";"Publicado em 2020-04-27. Conheça a Bomba Rosário, um equipamento que pode ajudar produtores do sertão do Nordeste.";"NÃO FAKE"
451;"Meio Ambiente e Clima";"Publicado em 2020-04-27. Conheça a Bomba Rosário, um equipamento que pode ajudar produtores do sertão do Nordeste.";"NÃO FAKE"
452;"Economia e Negócios";"Publicado em 2020-04-27. Empresários do comércio das flores tentam salvar o dia das mães em meio a pandemia";"NÃO FAKE"
453;"Economia e Negócios";"Publicado em 2020-04-27. Ficamos surpresos e desapontados, diz CEO da Embraer sobre rescisão de acordo pela Boeing";"NÃO FAKE"
455;"Economia e Negócios";"Publicado em 2020-04-27. Sindicato pede estabilidade nos empregos da Embraer após rescisão do acordo pela Boeing";"NÃO FAKE"
456;"Economia e Negócios";"Publicado em 2020-04-27. Embraer afirma que Boeing rescindiu indevidamente acordo de aviação comercial";"NÃO FAKE"
457;Educação;"Publicado em 2020-04-27. Coden Ambiental suspende provas de concurso público em Nova Odessa";"NÃO FAKE"
458;"Economia e Negócios";"Publicado em 2020-04-27. Boeing rescinde acordo de compra da área da aviação comercial da Embraer";"NÃO FAKE"
459;"Economia e Negócios";"Publicado em 2020-04-27. Golpe da falsa taxa extra em app de comida dá prejuízo de R$ 6 mil a cliente; Procon notifica empresas";"NÃO FAKE"
460;"Economia e Negócios";"Publicado em 2020-04-27. Coronavírus: Argentina abandona negociações do Mercosul para priorizar política econômica interna.";"NÃO FAKE"
460;Internacional;"Publicado em 2020-04-27. Coronavírus: Argentina abandona negociações do Mercosul para priorizar política econômica interna.";"NÃO FAKE"
462;"Economia e Negócios";"Publicado em 2020-04-27. Governo edita MP que abre crédito extraordinário de R$ 25,7 bi para pagar Auxílio Emergencial";"NÃO FAKE"
463;Educação;"Publicado em 2020-04-27. CNE (Conselho Nacional de Educação) vota nesta terça diretrizes para reorganizar o calendário escolar - TNH1";"NÃO FAKE"
465;"Saúde e Bem-estar";"Publicado em 2020-04-28. China tem volta às aulas do ensino médio com fortes medidas de segurança e medo do coronavírus";"NÃO FAKE"
466;"Economia e Negócios";"Publicado em 28 de abr de 2020. 'Minha jornada foi reduzida em 50%, mas na prática estou trabalhando mais que isso'. O governo federal anunciou uma série de medidas na área trabalhista para enfrentar os impactos da pandemia de coronavírus.";"NÃO FAKE"
467;"Economia e Negócios";"Publicado em 2020-04-28. 74% dos empregados da indústria automotiva têm contrato suspenso ou jornada reduzida temporariamente";"NÃO FAKE"
468;Política;"Publicado em 2020-04-28. Senado aprova MP que adia prazo para municípios criarem plano de mobilidade urbana.";"NÃO FAKE"
468;"Cidades e Cotidiano";"Publicado em 2020-04-28. Senado aprova MP que adia prazo para municípios criarem plano de mobilidade urbana.";"NÃO FAKE"
469;"Economia e Negócios";"Publicado em 2020-04-28. Preços dos combustíveis nos postos caem mais de 2% na semana, aponta ANP";"NÃO FAKE"
470;"Economia e Negócios";"Publicado em 2020-04-28. Preço do petróleo nos EUA despenca 25%; Brent cai abaixo de US$ 20barril.";"NÃO FAKE"
470;Internacional;"Publicado em 2020-04-28. Preço do petróleo nos EUA despenca 25%; Brent cai abaixo de US$ 20barril.";"NÃO FAKE"
471;"Saúde e Bem-estar";"Publicado em 2020-04-28. Sobe para 48 os casos confirmados de coronavírus entre funcionários de frigorífico em Passo Fundo, diz MPT";"NÃO FAKE"
473;"Economia e Negócios";"Publicado em 2020-04-28. Volkswagen retoma produção em maior fábrica da Europa, e Fiat reinicia atividades na Itália.";"NÃO FAKE"
473;Internacional;"Publicado em 2020-04-28. Volkswagen retoma produção em maior fábrica da Europa, e Fiat reinicia atividades na Itália.";"NÃO FAKE"
474;"Tecnologia e Inovação";"Publicado em 2020-04-28. WhatsApp afirma que volume de mensagens encaminhadas caiu 70% após limite de envio a apenas um destinatário. Mudança foi anunciada, em abril de 2020, para evitar compartilhamento de informações falsas. Limite anterior para encaminhar mensagens era de 5 pessoas.";"NÃO FAKE"
475;"Economia e Negócios";"Publicado em 2020-04-28. Governo afrouxa critérios que bancos públicos têm que observar para concessão de crédito.";"NÃO FAKE"
475;"Cidades e Cotidiano";"Publicado em 2020-04-28. Governo afrouxa critérios que bancos públicos têm que observar para concessão de crédito.";"NÃO FAKE"
476;"Tecnologia e Inovação";"Publicado em 2020-04-28. Empresa diz que aplicativo Mail do iPhone tem falha grave; Apple avalia que não há risco para usuários";"NÃO FAKE"
477;"Economia e Negócios";"Publicado em 2020-04-28. Volkswagen e Scania retomam a produção de caminhões e ônibus no Brasil";"NÃO FAKE"
478;"Economia e Negócios";"Publicado em 2020-04-28. Governo federal confirma R$ 500 milhões para apoiar agricultura familiar na pandemia do coronavírus";"NÃO FAKE"
481;"Economia e Negócios";"Publicado em 2020-04-28. Embraer abre processo de arbitragem após Boeing rescindir acordo entre as empresas";"NÃO FAKE"
482;Educação;"Publicado em 2020-04-29. Conselho Nacional de Educação recomenda que aulas não presenciais contem como carga horária em tempos de pandemia";"NÃO FAKE"
483;"Saúde e Bem-estar";"Publicado em 2020-04-29. Coronavírus: Unicamp integra pesquisa para mapear impacto da pandemia na população brasileira";"NÃO FAKE"
485;"Saúde e Bem-estar";"Publicado em 2020-04-29. Israel testa volta às aulas durante pandemia de novo coronavírus";"NÃO FAKE"
486;Educação;"Publicado em 2020-04-29. Justiça mantém cronograma do Enem e determina 2 de maio como data limite para pedir isenção da taxa";"NÃO FAKE"
487;"Economia e Negócios";"Publicado em 2020-04-29. Câmara conclui votação de projeto que suspende pagamento do Fies durante a pandemia";"NÃO FAKE"
488;Educação;"Publicado em 2020-04-29. Alfredo Marcondes e Rosana têm processo seletivo e concursos públicos com inscrições abertas";"NÃO FAKE"
489;"Economia e Negócios";"Publicado em 2020-04-29. Guedes diz que retomada virá pelo investimento privado: PAC já foi seguido e deu errado";"NÃO FAKE"
490;"Economia e Negócios";"Publicado em 2020-04-29. Campus Party 2020 adia eventos presenciais no Brasil e anuncia edição digital em Brasília";"NÃO FAKE"
491;"Economia e Negócios";"Publicado em 2020-04-29. Dólar opera em queda e volta a ficar abaixo de R$ 5,40";"NÃO FAKE"
492;"Economia e Negócios";"Publicado em 2020-04-29. Preços de petróleo avançam após crescimento abaixo do esperado em estoques dos EUA";"NÃO FAKE"
493;"Economia e Negócios";"Publicado em 2020-04-29. INSS: segurados podem pedir mudança do pagamento para conta corrente";"NÃO FAKE"
494;"Economia e Negócios";"Publicado em 2020-04-29. Eric Yuan, o bilionário criador do Zoom que viu sua fortuna se multiplicar durante pandemia";"NÃO FAKE"
495;"Segurança e Justiça";"Publicado em 29 de abr de 2020. Com revogação de MP, acidente no trajeto até emprego volta a ser considerado como de trabalho. Acidente no percurso casa-emprego passa a garantir novamente estabilidade de 12 meses no contrato.";"NÃO FAKE"
496;"Tecnologia e Inovação";"Publicado em 2020-04-29. Google libera Meet, ferramenta executiva de vídeochamadas, para todos os usuários";"NÃO FAKE"
497;"Tecnologia e Inovação";"Publicado em 2020-04-29. Microsoft corrige brecha no Teams que deixava contas expostas ao receber links de imagens";"NÃO FAKE"
498;"Economia e Negócios";"Publicado em 2020-04-29. Vale reverte prejuízo e tem lucro de R$ 984 milhões no 1 trimestre de 2020";"NÃO FAKE"
499;"Economia e Negócios";"Publicado em 2020-04-29. Petrobras prevê concluir 2020 com dívida bruta de US$ 87 bi, mesmo patamar de 2019";"NÃO FAKE"
500;"Saúde e Bem-estar";"Publicado em 2020-04-29. Estudo prevê que pandemia no Brasil chegue ao fim em agosto - Notícias - R7 Tecnologia e Ciência.";"NÃO FAKE"
500;Ciência;"Publicado em 2020-04-29. Estudo prevê que pandemia no Brasil chegue ao fim em agosto - Notícias - R7 Tecnologia e Ciência.";"NÃO FAKE"
501;Educação;"Publicado em 2020-04-30. Enem: Estudantes terão até 2 de maio para pedir isenção; veja efeitos de decisões judiciais no cronograma";"NÃO FAKE"
502;"Tecnologia e Inovação";"Publicado em 30 de abr de 2020. Isolamento faz gigantes de tecnologia liberarem aplicativos e lançarem funções novas. WhatsApp, Instagram, Zoom e Messenger ganharam novidades, enquanto Google e Microsoft liberaram produtos para todos os usuários durante o isolamento da pandemia de coronavírus.";"NÃO FAKE"
503;"Tecnologia e Inovação";"Publicado em 2020-04-30. Hackers precisam invadir o celular ou computador para clonar cartões de crédito";"NÃO FAKE"
504;"Segurança e Justiça";"Publicado em 2020-04-30. Medida Provisória adia Lei Geral de Proteção de Dados para 2021";"NÃO FAKE"
505;"Economia e Negócios";"Publicado em 2020-04-30. Após Trump sugerir restringir viagens entre EUA e Brasil, Pompeo quer retomar voos para recuperar economia";"NÃO FAKE"
506;"Economia e Negócios";"Publicado em 2020-04-30. Grupo Volkswagen cita crise sem precedentes ao fazer balanço de vendas do 1 trimestre";"NÃO FAKE"
508;"Saúde e Bem-estar";"Publicado em 2020-04-30. Apple e Google começam testes de notificação em tecnologia criada para rastrear o coronavírus com bluetooth.";"NÃO FAKE"
508;"Tecnologia e Inovação";"Publicado em 2020-04-30. Apple e Google começam testes de notificação em tecnologia criada para rastrear o coronavírus com bluetooth.";"NÃO FAKE"
510;Educação;"Publicado em 2020-05-04. Unicamp prevê queda de R$ 220 milhões na receita e propõe corte de R$ 72 milhões no gasto do ano";"NÃO FAKE"
511;"Economia e Negócios";"Publicado em 2020-05-04. Remessas de brasileiros nos EUA caem até 90%, mas podem aliviar auge da crise no Brasil";"NÃO FAKE"
513;"Economia e Negócios";"Publicado em 2020-05-04. Produtora de Goiás cria barraca da honestidade para melhorar as vendas de hortaliças e verduras";"NÃO FAKE"
514;"Economia e Negócios";"Publicado em 2020-05-04. Produtores de flores amargam prejuízo de pelo menos R$ 300 milhões por conta do coronavírus";"NÃO FAKE"
517;"Economia e Negócios";"Publicado em 2020-05-04. Fila em agências para receber auxílio de R$ 600 é algo inevitável, diz presidente da Caixa";"NÃO FAKE"
518;"Economia e Negócios";"Publicado em 2020-05-04. Não há possibilidade de pagar 50 milhões de pessoas e não existir fila, diz presidente da Caixa";"NÃO FAKE"
519;"Tecnologia e Inovação";"Publicado em 2020-05-04. Programa espião para Android conseguiu chegar à Play Store para atacar usuários, diz empresa";"NÃO FAKE"
520;"Economia e Negócios";"Publicado em 2020-05-04. Plano Safra precisa ter juros menores e mais subvenção do governo, diz presidente da Agrishow";"NÃO FAKE"
521;Política;"Publicado em 2020-05-04. Jeff Bezos, presidente da Amazon, é chamado para depor no Congresso dos EUA.";"NÃO FAKE"
521;Internacional;"Publicado em 2020-05-04. Jeff Bezos, presidente da Amazon, é chamado para depor no Congresso dos EUA.";"NÃO FAKE"
522;"Economia e Negócios";"Publicado em 2020-05-04. Governo prepara socorro para empresas que prestam serviços de apoio em aeroportos";"NÃO FAKE"
523;"Saúde e Bem-estar";"Publicado em 2020-05-04. Com 100 milhões sem esgoto, saneamento é desafio em pandemia";"NÃO FAKE"
524;Educação;"Publicado em 2020-05-06. Sem internet, merenda e lugar para estudar: obstáculos do ensino à distância na rede pública durante a pandemia de Covid-19";"NÃO FAKE"
525;Educação;"Publicado em 2020-05-06. Vestibular da Unicamp: coronavírus e queixas de estudantes fazem Comvest reduzir lista de livros";"NÃO FAKE"
526;"Economia e Negócios";"Publicado em 2020-05-06. Membros do Fed veem recuperação lenta e desigual nos EUA após coronavírus.";"NÃO FAKE"
526;Internacional;"Publicado em 2020-05-06. Membros do Fed veem recuperação lenta e desigual nos EUA após coronavírus.";"NÃO FAKE"
527;"Economia e Negócios";"Publicado em 2020-05-06. Fitch mantém nota de crédito do Brasil, mas coloca perspectiva como negativa";"NÃO FAKE"
528;"Economia e Negócios";"Publicado em 2020-05-06. Petróleo fecha em forte alta e tem quinta sessão consecutiva de ganhos";"NÃO FAKE"
529;"Tecnologia e Inovação";"Publicado em 2020-05-06. Twitter testa alerta para usuários repensarem respostas ofensivas antes da publicação";"NÃO FAKE"
530;"Economia e Negócios";"Publicado em 2020-05-06. Inadimplência na conta de luz sobe de 3% para 12% na pandemia, diz ministério";"NÃO FAKE"
531;"Saúde e Bem-estar";"Publicado em 2020-05-06. Bilionário Elon Musk mostra primeira foto de filho com cantora e posta suposto nome bizarro: X Æ A-12 Musk.";"NÃO FAKE"
531;"Mídia, Informação e Redes Sociais";"Publicado em 2020-05-06. Bilionário Elon Musk mostra primeira foto de filho com cantora e posta suposto nome bizarro: X Æ A-12 Musk.";"NÃO FAKE"
532;"Economia e Negócios";"Publicado em 2020-05-06. Chevrolet anuncia aumento de 4% nos preços de toda a sua linha no Brasil; Onix Joy parte de R$ 52.150";"NÃO FAKE"
533;"Tecnologia e Inovação";"Publicado em 2020-05-06. Trabalhador que teve jornada reduzida ou contrato suspenso pode verificar pagamento de benefício na Carteira de Trabalho Digital";"NÃO FAKE"
535;"Tecnologia e Inovação";"Publicado em 2020-05-06. Xiaomi atualiza navegadores após especialistas denunciarem que apps coletavam informações de usuários";"NÃO FAKE"
536;"Economia e Negócios";"Publicado em 2020-05-06. Empresa do setor de energia renovável abre 142 vagas de emprego no Ceará";"NÃO FAKE"
537;"Segurança e Justiça";"Publicado em 2020-05-06. Polícia prende 10 pessoas em operação contra o tráfico de drogas em Belo Horizonte - Notícias - R7 JR na TV";"NÃO FAKE"
538;Educação;"Publicado em 2020-05-07. Na pandemia, 22% das faculdades particulares pausaram atividades e não adotaram o ensino remoto, diz pesquisa";"NÃO FAKE"
539;Educação;"Publicado em 2020-05-07. MEC vai criar Enem seriado com reformulação das avaliações da educação básica";"NÃO FAKE"
540;"Saúde e Bem-estar";"Publicado em 2020-05-07. Grimes explica pronúncia do nome de bebê com Elon Musk, mas registro pode ser barrado.";"NÃO FAKE"
540;"Mídia, Informação e Redes Sociais";"Publicado em 2020-05-07. Grimes explica pronúncia do nome de bebê com Elon Musk, mas registro pode ser barrado.";"NÃO FAKE"
542;"Economia e Negócios";"Publicado em 2020-05-07. Vendas de veículos usados caem 83% em abril, diz Fenauto";"NÃO FAKE"
543;"Economia e Negócios";"Publicado em 2020-05-07. Pedidos de seguro desemprego nos EUA chegam a 33 milhões em 7 semanas.";"NÃO FAKE"
543;Internacional;"Publicado em 2020-05-07. Pedidos de seguro desemprego nos EUA chegam a 33 milhões em 7 semanas.";"NÃO FAKE"
545;"Economia e Negócios";"Publicado em 2020-05-07. Banco da Inglaterra vê pior recessão em 300 anos mas adia mais estímulos";"NÃO FAKE"
546;"Economia e Negócios";"Publicado em 2020-05-07. Banco do Brasil tem lucro de R$ 3,2 bilhões no 1 trimestre, queda de 20%";"NÃO FAKE"
547;"Economia e Negócios";"Publicado em 2020-05-07. Com menor consumo de cerveja durante pandemia, lucro da Ambev cai 56% no 1 trimestre";"NÃO FAKE"
548;"Economia e Negócios";"Publicado em 2020-05-07. Três em cada quatro brasileiros vão manter consumo reduzido após pandemia, diz pesquisa da CNI";"NÃO FAKE"
549;"Economia e Negócios";"Publicado em 2020-05-07. Senado aprova projeto que prevê ajuda financeira a estados e municípios";"NÃO FAKE"
550;"Economia e Negócios";"Publicado em 2020-05-07. Mercado de livros tem queda de 48% no faturamento em abril após fechamento de livrarias por causa da pandemia do coronavírus";"NÃO FAKE"
551;"Tecnologia e Inovação";"Publicado em 2020-05-07. Microsoft oferece recompensa de US$ 100 mil para quem encontrar falhas em sua tecnologia de internet das coisas";"NÃO FAKE"
552;"Saúde e Bem-estar";"Publicado em 2020-05-07. Ministério da Saúde faz levantamento sobre saúde mental do brasileiro";"NÃO FAKE"
554;"Saúde e Bem-estar";"Publicado em 2020-05-11. Alunos chineses voltam às aulas com pulseira eletrônica para detectar infecção pelo novo coronavírus.";"NÃO FAKE"
554;Internacional;"Publicado em 2020-05-11. Alunos chineses voltam às aulas com pulseira eletrônica para detectar infecção pelo novo coronavírus.";"NÃO FAKE"
555;"Saúde e Bem-estar";"Publicado em 2020-05-11. Universidades federais conduzem mais de 800 pesquisas para mapear coronavírus e encontrar uma vacina, diz associação";"NÃO FAKE"
558;Educação;"Publicado em 2020-05-11. Presidente do Inep diz que datas do Enem 2020 estão mantidas por enquanto e que não dá para fazer previsão";"NÃO FAKE"
559;Educação;"Publicado em 2020-05-11. Unicamp, Unesp e USP pedem repasse de parte da ajuda financeira da União para o estado";"NÃO FAKE"
561;Educação;"Publicado em 2020-05-11. OAB pede que STF suspenda autorização para novos cursos de direito";"NÃO FAKE"
562;Educação;"Publicado em 2020-05-11. Universidades públicas e colégios federais do RJ pedem adiamento do Enem";"NÃO FAKE"
563;"Economia e Negócios";"Publicado em 2020-05-11. Pedidos de seguro-desemprego crescem 22% no mês passado em relação a abril de 2019, diz governo";"NÃO FAKE"
564;"Economia e Negócios";"Publicado em 2020-05-11. Tesla retoma produção na Califórnia em meio a batalha legal com autoridades locais.";"NÃO FAKE"
564;Internacional;"Publicado em 2020-05-11. Tesla retoma produção na Califórnia em meio a batalha legal com autoridades locais.";"NÃO FAKE"
566;"Economia e Negócios";"Publicado em 2020-05-11. Governo tenta destravar mais de R$ 100 bilhões em crédito para pequenas e médias empresas";"NÃO FAKE"
567;"Tecnologia e Inovação";"Publicado em 2020-05-11. Uber lança nova categoria no Brasil e agora permite enviar objetos pelo aplicativo";"NÃO FAKE"
569;"Economia e Negócios";"Publicado em 2020-05-11. BRF (ramo alimentício) acerta compra de processadora de alimentos na Arábia Saudita por US$ 8 milhões";"NÃO FAKE"
570;Educação;"Publicado em 2020-05-12. Coronavírus: Unicamp aprova plano de redução de R$ 72 milhões em despesas até o fim de 2020";"NÃO FAKE"
571;Educação;"Publicado em 2020-05-12. Estudantes da região de Campinas criticam o Enem em meio à pandemia de coronavírus: Injustiça social.";"NÃO FAKE"
571;"Sociedade e Comportamento";"Publicado em 2020-05-12. Estudantes da região de Campinas criticam o Enem em meio à pandemia de coronavírus: Injustiça social.";"NÃO FAKE"
573;Educação;"Publicado em 2020-05-12. Exames equivalentes ao Enem foram adiados ou adaptados em 16 dos 18 países analisados em levantamento";"NÃO FAKE"
574;Educação;"Publicado em 2020-05-12. Universidade Cândido Mendes pede recuperação judicial durante pandemia do coronavírus";"NÃO FAKE"
575;Educação;"Publicado em 2020-05-12. Coronavírus: Unicamp faz revisão de orçamento e vota plano para reduzir R$ 72 milhões em despesas";"NÃO FAKE"
578;"Economia e Negócios";"Publicado em 2020-05-12. Setor de academias está em estado crítico, diz presidente da Smart Fit";"NÃO FAKE"
579;"Tecnologia e Inovação";"Publicado em 2020-05-12. Twitter afirma que funcionários poderão trabalhar de casa para sempre";"NÃO FAKE"
579;"Mídia, Informação e Redes Sociais";"Publicado em 2020-05-12. Twitter afirma que funcionários poderão trabalhar de casa para sempre";"NÃO FAKE"
580;"Tecnologia e Inovação";"Publicado em 2020-05-12. Instagram agora permite remoção de vários comentários de uma única vez.";"NÃO FAKE"
580;"Mídia, Informação e Redes Sociais";"Publicado em 2020-05-12. Instagram agora permite remoção de vários comentários de uma única vez.";"NÃO FAKE"
582;"Economia e Negócios";"Publicado em 2020-05-12. Financiamentos de veículos novos e usados caem 56% em abril";"NÃO FAKE"
583;"Economia e Negócios";"Publicado em 2020-05-12. Embraer culpa queda em entregas de jatos a acordo fracassado com Boeing";"NÃO FAKE"
584;"Economia e Negócios";"Publicado em 2020-05-12. 1 em cada 5 trabalhadores formais já teve redução de salário ou contrato suspenso";"NÃO FAKE"
585;"Economia e Negócios";"Publicado em 2020-05-12. EUA: Preços ao consumidor em abril têm maior queda desde 2008";"NÃO FAKE"
586;Educação;"Publicado em 2020-05-12. IBGE anuncia ressarcimento de taxa de inscrição de concurso para 208 mil vagas via aplicativo";"NÃO FAKE"
587;"Economia e Negócios";"Publicado em 2020-05-12. Governo libera o registro de 22 agrotóxicos genéricos para uso dos agricultores";"NÃO FAKE"
588;"Economia e Negócios";"Publicado em 2020-05-12. Dólar sobe com tensão política e bate novo recorde, a R$ 5,86";"NÃO FAKE"
589;"Economia e Negócios";"Publicado em 2020-05-12. Tornar auxílio emergencial permanente custaria R$ 30 bilhões por ano ao governo";"NÃO FAKE"
591;Educação;"Publicado em 2020-05-12. PF é acionada para investigar clonagem de cartões de programa da Capes - JBr.";"NÃO FAKE"
592;"Tecnologia e Inovação";"Publicado em 2020-05-13. Praga digital ataca brasileiros com mensagens sobre o coronavírus e comandos escondidos em canais do YouTube";"NÃO FAKE"
592;"Mídia, Informação e Redes Sociais";"Publicado em 2020-05-13. Praga digital ataca brasileiros com mensagens sobre o coronavírus e comandos escondidos em canais do YouTube";"NÃO FAKE"
593;"Tecnologia e Inovação";"Publicado em 2020-05-13. Facebook fecha acordo e vai pagar US$ 52 milhões a moderadores que desenvolveram estresse pós-traumático.";"NÃO FAKE"
593;"Mídia, Informação e Redes Sociais";"Publicado em 2020-05-13. Facebook fecha acordo e vai pagar US$ 52 milhões a moderadores que desenvolveram estresse pós-traumático.";"NÃO FAKE"
594;Política;"Publicado em 2020-05-13. Sem acordo, Câmara adia votação de proposta que regulariza sem vistoria terras públicas invadidas";"NÃO FAKE"
595;"Economia e Negócios";"Publicado em 2020-05-13. Defesa diz que analisa caso a caso de militares que receberam auxílio de R$ 600";"NÃO FAKE"
598;"Economia e Negócios";"Publicado em 11/07/2019. Reforma da Previdência: homens - 65 anos, mulheres - 62 anos";"NÃO FAKE"
600;Educação;"Publicado em 03/11/2018. Ano passado acertei 20 questões [no Enem]. Neste ano, 22. Mesmo assim minha nota pode ser menor ...";"NÃO FAKE"
604;Política;"[O Brasil foi] o último [na América Latina] a legalizar o voto da mulher";FAKE
628;"Economia e Negócios";"Auxílio Brasil foi pago  a 35 mil mortos em 2020 e em 2021";FAKE
632;"Saúde e Bem-estar";"Embora não houvesse antiviral, havia medicamentos para tratar precocemente a Covid-19 na gestão do ex-ministro Eduardo Pazuello ";FAKE
633;"Segurança e Justiça";"Novos títulos de eleitor possuem QR Codes que registram votos para Lula automaticamente";FAKE
650;"Saúde e Bem-estar";"Governo federal gastou R$ 700 bilhões com Covid-19 em 2020";FAKE
662;"Economia e Negócios";"Beneficiários do Bolsa Família não podiam ter emprego";FAKE
669;"Economia e Negócios";"Fernando Pigatto, presidente do Conselho Nacional de Saúde, pediu para cancelar o piso salarial dos enfermeiros ";FAKE
689;"Economia e Negócios";"G1 | Ceará é o maior estado exportador de calçados do Brasil.";FAKE
690;"Saúde e Bem-estar";"Brasil foi o país que mais vacinou proporcionalmente contra a Covid-19, no Ranking dos países que mais vacinaram.";FAKE
695;Política;"Datafolha e Ibope erraram resultado do primeiro turno de 2018 em dez pontos";FAKE
706;"Saúde e Bem-estar";"Suprema Corte dos Estados Unidos confirma danos ao DNA, causados por vacinas contra a covid que usam RNA mensageiro";FAKE
706;Internacional;"Suprema Corte dos Estados Unidos confirma danos ao DNA, causados por vacinas contra a covid que usam RNA mensageiro";FAKE
713;Educação;"87 das 100 melhores escolas públicas do Brasil estão no Ceará.";FAKE
714;"Meio Ambiente e Clima";"14% do território brasileiro é demarcado como terra indígena.";FAKE
715;Educação;"Brasil está na última posição do ranking do Pisa (ranking mundial de leitura) | Educação.";FAKE
755;"Saúde e Bem-estar";"OMS estimou que vacina contra Covid-19 vai reduzir a população mundial em 15%";FAKE
774;"Tecnologia e Inovação";"TSE enviou censor para fiscalizar jornalistas da Jovem Pan ao Vivo";FAKE
788;Política;"[O Brasil foi o último] a dar voto para mulher.";FAKE
794;"Tecnologia e Inovação";"Hackers invadiram o sistema do TSE durante a totalização de votos do primeiro turno das Eleições 2022.";FAKE
794;Política;"Hackers invadiram o sistema do TSE durante a totalização de votos do primeiro turno das Eleições 2022.";FAKE
797;"Economia e Negócios";"Estadão | O ministro Paulo Guedes diz que aposentadoria deixará de ser reajustada pela inflação a partir de 2023. ";FAKE
799;Política;"MST bloqueia o canal de transposição do Rio São Francisco";FAKE
809;Política;"Integrantes do Movimento Sem Terra MST bloqueando a transposição do Rio São Francisco para faltar água aos nordestinos";FAKE
872;Política;"Artigo 142 determina que presidente não se manifeste por 72 horas após resultado das eleições";FAKE
889;Política;"Tribunal regional julga processos do condomínio Duque de Caxias em Foz - RIC Mais";"NÃO FAKE"
900;"Economia e Negócios";"Novo salário mínimo para 2023 deverá ficar em R$ 1.302";"NÃO FAKE"
901;"Saúde e Bem-estar";" Coreia do Norte anuncia ter vencido a covid, mas não informa número de mortes - Notícias - R7 JR na TV ";"NÃO FAKE"
901;Internacional;" Coreia do Norte anuncia ter vencido a covid, mas não informa número de mortes - Notícias - R7 JR na TV ";"NÃO FAKE"
902;Política;"Taiwan volta a realizar exercícios militares com munição real em resposta à China - Notícias - R7 JR na TV";"NÃO FAKE"
902;Internacional;"Taiwan volta a realizar exercícios militares com munição real em resposta à China - Notícias - R7 JR na TV";"NÃO FAKE"
903;"Saúde e Bem-estar";"Estudos apontam que certos traços de personalidade estão ligados à disfunção erétil.";"NÃO FAKE"
914;"Saúde e Bem-estar";"Síndrome respiratória aguda grave recua em 21 estados e no DF - TNH1";"NÃO FAKE"
917;"Saúde e Bem-estar";"Facção paulista lucra com descarte de entulho em área de preservação ambiental, diz polícia. Em São Paulo, a polícia descobriu uma área de preservação ambiental usada para o descarte de entulho, e prendeu nove pessoas. | Notícias - R7 JR na TV ";"NÃO FAKE"
917;"Meio Ambiente e Clima";"Facção paulista lucra com descarte de entulho em área de preservação ambiental, diz polícia. Em São Paulo, a polícia descobriu uma área de preservação ambiental usada para o descarte de entulho, e prendeu nove pessoas. | Notícias - R7 JR na TV ";"NÃO FAKE"
918;"Tecnologia e Inovação";"Empresário do interior paulista é vítima da quadrilha do Pix ao marcar encontro pela internet | Notícias - R7 JR na TV";"NÃO FAKE"
919;"Segurança e Justiça";"Frentista morre após explosão de carro abastecido com GNV no Rio de Janeiro - Notícias - R7 JR na TV";"NÃO FAKE"
921;Política;"Audiência discute volta de malha ferroviária MG-SP.";"NÃO FAKE"
921;"Cidades e Cotidiano";"Audiência discute volta de malha ferroviária MG-SP.";"NÃO FAKE"
923;Política;"Justiça condena réus a 115 anos de prisão pela morte de gerente em joalheria de Fortaleza - Portal GCMAIS.";"NÃO FAKE"
923;"Segurança e Justiça";"Justiça condena réus a 115 anos de prisão pela morte de gerente em joalheria de Fortaleza - Portal GCMAIS.";"NÃO FAKE"
929;"Economia e Negócios";"Porto de Santos privatiza administração e registra lucros recordes.";"NÃO FAKE"
933;"Tecnologia e Inovação";"Instagram desmente boato de que usa o GPS do celular para compartilhar a localização exata do usuário | Tecnologia | G1.";"NÃO FAKE"
933;"Mídia, Informação e Redes Sociais";"Instagram desmente boato de que usa o GPS do celular para compartilhar a localização exata do usuário | Tecnologia | G1.";"NÃO FAKE"
934;"Tecnologia e Inovação";"Eleições: página do Google permite ver quais candidatos são mais buscados e geram mais engajamento | Tecnologia | G1.";"NÃO FAKE"
934;"Mídia, Informação e Redes Sociais";"Eleições: página do Google permite ver quais candidatos são mais buscados e geram mais engajamento | Tecnologia | G1.";"NÃO FAKE"
935;"Tecnologia e Inovação";"Gerenciador de senhas LastPass é alvo de invasão | Tecnologia | G1";"NÃO FAKE"
936;"Tecnologia e Inovação";"WhatsApp adia para 2023 a implementação da ferramenta Comunidades no Brasil | Tecnologia | G1";"NÃO FAKE"
936;"Mídia, Informação e Redes Sociais";"WhatsApp adia para 2023 a implementação da ferramenta Comunidades no Brasil | Tecnologia | G1";"NÃO FAKE"
938;"Tecnologia e Inovação";"Zuckerberg diz que é difícil não ficar chateado no Twitter e que Instagram é superpositivo | Tecnologia | G1";"NÃO FAKE"
938;"Mídia, Informação e Redes Sociais";"Zuckerberg diz que é difícil não ficar chateado no Twitter e que Instagram é superpositivo | Tecnologia | G1";"NÃO FAKE"
939;"Tecnologia e Inovação";"Golpe da mão fantasma invade celular e esvazia conta | Tecnologia | G1";"NÃO FAKE"
940;"Tecnologia e Inovação";"Golpistas no WhatsApp usam álbum de figurinhas da Copa do Mundo para atrair vítimas e roubar dados | Tecnologia | G1";"NÃO FAKE"
940;"Mídia, Informação e Redes Sociais";"Golpistas no WhatsApp usam álbum de figurinhas da Copa do Mundo para atrair vítimas e roubar dados | Tecnologia | G1";"NÃO FAKE"
941;Política;" Universidades testam novo modelo de urna eletrônica e atestam segurança da votação, diz TSE | Eleições 2022 | G1 .";"NÃO FAKE"
941;"Tecnologia e Inovação";" Universidades testam novo modelo de urna eletrônica e atestam segurança da votação, diz TSE | Eleições 2022 | G1 .";"NÃO FAKE"
942;"Tecnologia e Inovação";" Luciano Hang, da Havan, tem perfis retidos no Twitter, Instagram, YouTube e TikTok | Tecnologia | G1.";"NÃO FAKE"
942;"Mídia, Informação e Redes Sociais";" Luciano Hang, da Havan, tem perfis retidos no Twitter, Instagram, YouTube e TikTok | Tecnologia | G1.";"NÃO FAKE"
943;"Tecnologia e Inovação";"Globoplay passa a ser disponibilizado no Fire TV, dispositivo de streaming da Amazon  | Tecnologia | G1";"NÃO FAKE"
943;"Mídia, Informação e Redes Sociais";"Globoplay passa a ser disponibilizado no Fire TV, dispositivo de streaming da Amazon  | Tecnologia | G1";"NÃO FAKE"
944;Educação;"YouTube vai exibir conteúdo educando usuários sobre Fake News. Programa piloto será implementado no leste europeu para ajudar a combater desinformação em relação a refugiados ucranianos. | Tecnologia | G1";"NÃO FAKE"
944;"Mídia, Informação e Redes Sociais";"YouTube vai exibir conteúdo educando usuários sobre Fake News. Programa piloto será implementado no leste europeu para ajudar a combater desinformação em relação a refugiados ucranianos. | Tecnologia | G1";"NÃO FAKE"
945;Política;"TSE diz que eleitor deve entregar celular antes de entrar na cabine de votação | Eleições 2022 | G1.";"NÃO FAKE"
945;"Tecnologia e Inovação";"TSE diz que eleitor deve entregar celular antes de entrar na cabine de votação | Eleições 2022 | G1.";"NÃO FAKE"
952;"Tecnologia e Inovação";"Ex-chefe de segurança do Twitter diz que empresa enganou reguladores em contas de bots | Tecnologia | G1.";"NÃO FAKE"
952;"Mídia, Informação e Redes Sociais";"Ex-chefe de segurança do Twitter diz que empresa enganou reguladores em contas de bots | Tecnologia | G1.";"NÃO FAKE"
954;"Tecnologia e Inovação";"Polícia Federal em PE alerta para golpe em que vítima vê conta bancária sendo esvaziada. O golpe chamado de 'mão fantasma' é aplicado invadindo os celulares das vítimas, que são enganadas para instalar programas maliciosos. | Pernambuco | G1";"NÃO FAKE"
955;"Tecnologia e Inovação";" Facebook é multado em R$ 6,6 milhões por vazamento de dados de brasileiros em 2018 | Tecnologia | G1 ";"NÃO FAKE"
955;"Mídia, Informação e Redes Sociais";" Facebook é multado em R$ 6,6 milhões por vazamento de dados de brasileiros em 2018 | Tecnologia | G1 ";"NÃO FAKE"
957;Política;"Elon Musk pede informações a Jack Dorsey, cofundador do Twitter, em batalha judicial contra a empresa, sobre detalhes do cálculo da base de usuários ativos e como eles são usados para definir metas e pagamentos de executivos. | Tecnologia | G1 ";"NÃO FAKE"
957;"Mídia, Informação e Redes Sociais";"Elon Musk pede informações a Jack Dorsey, cofundador do Twitter, em batalha judicial contra a empresa, sobre detalhes do cálculo da base de usuários ativos e como eles são usados para definir metas e pagamentos de executivos. | Tecnologia | G1 ";"NÃO FAKE"
960;"Tecnologia e Inovação";"Mark Zuckerberg promete melhorar visual do seu metaverso após foto virar meme | Tecnologia | G1";"NÃO FAKE"
960;"Mídia, Informação e Redes Sociais";"Mark Zuckerberg promete melhorar visual do seu metaverso após foto virar meme | Tecnologia | G1";"NÃO FAKE"
963;"Tecnologia e Inovação";"WhatsApp para Windows promete ser mais rápido que a versão web. Plataforma diz que aplicativo nativo é otimizado para o sistema operacional e vai melhorar experiência dos usuários.  | Tecnologia | G1.";"NÃO FAKE"
963;"Mídia, Informação e Redes Sociais";"WhatsApp para Windows promete ser mais rápido que a versão web. Plataforma diz que aplicativo nativo é otimizado para o sistema operacional e vai melhorar experiência dos usuários.  | Tecnologia | G1.";"NÃO FAKE"
966;"Tecnologia e Inovação";" Estado de SP tem 1,6 milhão de antenas parabólicas que terão funcionamento afetado com a chegada do 5G | Campinas e Região | G1.";"NÃO FAKE"
966;"Cidades e Cotidiano";" Estado de SP tem 1,6 milhão de antenas parabólicas que terão funcionamento afetado com a chegada do 5G | Campinas e Região | G1.";"NÃO FAKE"
968;"Tecnologia e Inovação";" Privacidade: 77% dos brasileiros já desinstalaram apps por preocupação com dados pessoais | Tecnologia | G1 ";"NÃO FAKE"
968;"Sociedade e Comportamento";" Privacidade: 77% dos brasileiros já desinstalaram apps por preocupação com dados pessoais | Tecnologia | G1 ";"NÃO FAKE"
969;Política;"Google vai incluir anúncios de candidatos estaduais em relatório de transparência de propagandas políticas | Tecnologia | G1";"NÃO FAKE"
969;"Mídia, Informação e Redes Sociais";"Google vai incluir anúncios de candidatos estaduais em relatório de transparência de propagandas políticas | Tecnologia | G1";"NÃO FAKE"
970;"Tecnologia e Inovação";"Do 5g à cultura chinesa: Huawei abre curso de tecnologia da informação e comunicação online e gratuito | Tecnologia | G1.";"NÃO FAKE"
970;Educação;"Do 5g à cultura chinesa: Huawei abre curso de tecnologia da informação e comunicação online e gratuito | Tecnologia | G1.";"NÃO FAKE"
972;"Tecnologia e Inovação";" Conheça o Overture, projeto de avião supersônico que terá o dobro da velocidade das aeronaves atuais | Inovação | G1 ";"NÃO FAKE"
973;Educação;"Tradição oral na cultura brasileira e o papel da indústria da moda na preservação ambiental são temas da redação do Encceja 2022 | Educação | G1";"NÃO FAKE"
976;"Tecnologia e Inovação";" Professor cria projeto de astronomia em escola da Paraíba, e alunos descobrem três asteroides | Paraíba | G1.";"NÃO FAKE"
976;Educação;" Professor cria projeto de astronomia em escola da Paraíba, e alunos descobrem três asteroides | Paraíba | G1.";"NÃO FAKE"
979;"Saúde e Bem-estar";"Crise de saúde mental nas escolas: Alunos estão deprimidos, ansiosos, em luto e faltam psicólogos | Educação | G1 ";"NÃO FAKE"
981;"Tecnologia e Inovação";" Unicamp cria software para simular riscos, calcular danos e evitar explosões ligadas a produtos químicos | Campinas e Região | G1 ";"NÃO FAKE"
986;Educação;"É possível descobrir se filho é superdotado com os indícios precoces de altas habilidades | Educação | G1";"NÃO FAKE"
988;Educação;"Universidade Federal de Uberlândia (UFU) e do Triângulo Mineiro (UFTM) preveem cenário difícil e mais restritivo em 2023 após corte de verbas. Universidades federais tiveram bloqueio de 7,2% das verbas discricionárias em 2022. | Triângulo Mineiro. | G1";"NÃO FAKE"
991;Educação;"Pós da Unicamp, inspirada em disciplina de felicidade, une tecnologia com ciências humanas para negócios de impacto social | Educação | G1";"NÃO FAKE"
997;Educação;"A jovem com autismo, aprovada em medicina, derruba mitos sobre a condição no TikTok | Educação | G1";"NÃO FAKE"
997;"Mídia, Informação e Redes Sociais";"A jovem com autismo, aprovada em medicina, derruba mitos sobre a condição no TikTok | Educação | G1";"NÃO FAKE"
1000;Educação;"Brasil tem 21 universidades em ranking das mil melhores do mundo, mas nenhuma no top 100 | Educação | G1";"NÃO FAKE"
1003;Educação;"MEC prorroga prazo para comprovação de informações do Prouni | Educação | G1";"NÃO FAKE"
1006;Educação;"Universidades acusam MEC de atrasar dados do Prouni necessários para a matrícula de selecionados | Educação | G1";"NÃO FAKE"
1008;Educação;"Sisu 2022.2: UFJF convoca 1.000 candidatos na primeira lista de reclassificação | Zona da Mata | G1";"NÃO FAKE"
1009;Educação;"Superdotados: Brasil ultrapassa 2 mil superinteligentes identificados; DF está entre 3 regiões com maior número | Distrito Federal | G1";"NÃO FAKE"
1010;Educação;"Quase 730 mil contratos Fies estão com parcelas atrasadas há pelo menos um ano | Educação | G1";"NÃO FAKE"
1012;Educação;"Cantinho da disciplina funciona para educar crianças | Educação | G1";"NÃO FAKE"
1013;Política;"Eleições 2022: mulheres foram centro do primeiro debate presidencial | Blog Ana Flor | G1";"NÃO FAKE"
1015;"Economia e Negócios";"Pequenos agricultores valorizam produção de café após se unirem em associação | Globo Rural | G1";"NÃO FAKE"
1017;"Economia e Negócios";"Alta no custo de produção obriga criadores de suínos a desistirem da atividade em SP | Globo Rural | G1";"NÃO FAKE"
1018;"Tecnologia e Inovação";"Facebook tem acordo preliminar em processo por escândalo da Cambridge Analytica | Tecnologia | G1";"NÃO FAKE"
1018;"Mídia, Informação e Redes Sociais";"Facebook tem acordo preliminar em processo por escândalo da Cambridge Analytica | Tecnologia | G1";"NÃO FAKE"
1020;"Economia e Negócios";"Confinamento mais caro é um desafio para pecuaristas | Nosso Campo | G1";"NÃO FAKE"
1024;"Economia e Negócios";"As fases da fome: com despensa vazia, famílias mais pobres pulam refeições e dependem de doações para sobreviver | Economia | G1";"NÃO FAKE"
1027;"Economia e Negócios";"Expointer, em Esteio, teve mais de 6,3 mil animais inscritos | Rio Grande do Sul | G1";"NÃO FAKE"
1029;"Economia e Negócios";"Acordos do Ibama com grandes empresas para substituição de multas entram na mira do TCU | Economia | G1";"NÃO FAKE"
1030;"Economia e Negócios";"Preços dos combustíveis voltam a recuar nos postos; gasolina cai ao menor valor desde fevereiro de 2021 | Economia | G1";"NÃO FAKE"
1033;"Economia e Negócios";"Venda de títulos do Tesouro Direto soma R$ 4 bilhões em julho [de 2022] | Economia | G1";"NÃO FAKE"
1034;Educação;"Cartilha ensina sobre o controle de pragas e doenças em hortas | Globo Rural | G1.";"NÃO FAKE"
1034;"Meio Ambiente e Clima";"Cartilha ensina sobre o controle de pragas e doenças em hortas | Globo Rural | G1.";"NÃO FAKE"
1035;"Economia e Negócios";"Mercado prevê que Brasil terá desaceleração econômica em 2023, diz Campos Neto | Economia | G1";"NÃO FAKE"
1036;Educação;"Acervo de cofundador da Microsoft (coleção de arte de Paul Allen, falecido cofundador da Microsoft) vai à venda por US$ 1 bilhão em 'maior leilão de quadros da história'. Lucro das vendas será destinado à caridade. | Pop & Arte | G1";"NÃO FAKE"
1036;"Mídia, Informação e Redes Sociais";"Acervo de cofundador da Microsoft (coleção de arte de Paul Allen, falecido cofundador da Microsoft) vai à venda por US$ 1 bilhão em 'maior leilão de quadros da história'. Lucro das vendas será destinado à caridade. | Pop & Arte | G1";"NÃO FAKE"
1037;"Economia e Negócios";"Arrecadação federal sobe 7,47% e atinge R$ 202,6 bilhões em julho [de 2022], informa Receita | Economia | G1";"NÃO FAKE"
1042;"Economia e Negócios";"Investimentos estrangeiros diretos somam US$ 39,7 bilhões até maio [de 2022], maior valor em 11 anos, diz Banco Central | Economia | G1";"NÃO FAKE"
1043;"Economia e Negócios";"Petrobras reduz preço do querosene de aviação em 10,4%. Um levantamento da Associação Brasileira das Empresas Aéreas (Abear) mostra que o combustível dos aviões acumula alta de 64,3% apenas em 2022. | Economia | G1";"NÃO FAKE"
1045;"Economia e Negócios";"Gastos de brasileiros no exterior triplicam e somam US$ 4,78 bilhões até maio [de 2022], de acordo com o Banco Central | Economia | G1";"NÃO FAKE"
1049;"Economia e Negócios";"Produtor de Atibaia faz modificação genética em morango e consegue fruto branco | Vale do Paraíba e Região | G1.";"NÃO FAKE"
1049;Ciência;"Produtor de Atibaia faz modificação genética em morango e consegue fruto branco | Vale do Paraíba e Região | G1.";"NÃO FAKE"
1050;"Economia e Negócios";"Não é só a figurinha: inflação do torcedor dispara e ameaça minguar o churrasco em dias de jogos da Copa | Economia | G1.";"NÃO FAKE"
1050;Esporte;"Não é só a figurinha: inflação do torcedor dispara e ameaça minguar o churrasco em dias de jogos da Copa | Economia | G1.";"NÃO FAKE"
1062;"Economia e Negócios";"Energia solar para empresas é um bom negócio | Intelbras | G1";"NÃO FAKE"
1062;"Meio Ambiente e Clima";"Energia solar para empresas é um bom negócio | Intelbras | G1";"NÃO FAKE"
1063;"Tecnologia e Inovação";"O Tribunal Geral da União Europeia (TGUE) rejeitou um recurso apresentado pelo Google contra uma multa recorde que foi imposta na União Europeia (UE) por abuso de posição dominante de seu sistema operacional Android para celulares. | Tecnologia | G1";"NÃO FAKE"
1063;Internacional;"O Tribunal Geral da União Europeia (TGUE) rejeitou um recurso apresentado pelo Google contra uma multa recorde que foi imposta na União Europeia (UE) por abuso de posição dominante de seu sistema operacional Android para celulares. | Tecnologia | G1";"NÃO FAKE"
1067;Política;"Acionistas aprovam venda do Twitter para Elon Musk, que tenta deixar a negociação. Bilionário ofereceu US$ 44 bilhões pela plataforma em abril de 2022, mas desistiu do negócio em julho de 2022. Como a empresa não quer deixar o acordo, o caso será analisado no tribunal. | Tecnologia | G1";"NÃO FAKE"
1067;"Mídia, Informação e Redes Sociais";"Acionistas aprovam venda do Twitter para Elon Musk, que tenta deixar a negociação. Bilionário ofereceu US$ 44 bilhões pela plataforma em abril de 2022, mas desistiu do negócio em julho de 2022. Como a empresa não quer deixar o acordo, o caso será analisado no tribunal. | Tecnologia | G1";"NÃO FAKE"
1068;"Economia e Negócios";"Maioria dos acionistas do Twitter é a favor da venda para Musk | Tecnologia | G1";"NÃO FAKE"
1068;"Mídia, Informação e Redes Sociais";"Maioria dos acionistas do Twitter é a favor da venda para Musk | Tecnologia | G1";"NÃO FAKE"
1069;"Tecnologia e Inovação";"A era do metaverso chegou: universo virtual é aposta do Facebook | Tecnologia | G1";"NÃO FAKE"
1069;"Mídia, Informação e Redes Sociais";"A era do metaverso chegou: universo virtual é aposta do Facebook | Tecnologia | G1";"NÃO FAKE"
1070;"Economia e Negócios";"Fotos, nota de dólar e mais: os itens de Elon Musk foram leiloados pela Jennifer Gwynne, ex-namorada do bilionário | Tecnologia | G1";"NÃO FAKE"
1070;"Mídia, Informação e Redes Sociais";"Fotos, nota de dólar e mais: os itens de Elon Musk foram leiloados pela Jennifer Gwynne, ex-namorada do bilionário | Tecnologia | G1";"NÃO FAKE"
1072;"Economia e Negócios";"Tribunal de Moscou aceita pedido de falência do escritório do Google na Rússia. A subsidiária russa entrou com pedido de falência depois que as autoridades confiscaram sua conta bancária, impossibilitando o pagamento de funcionários e fornecedores. | Tecnologia | G1";"NÃO FAKE"
1072;"Tecnologia e Inovação";"Tribunal de Moscou aceita pedido de falência do escritório do Google na Rússia. A subsidiária russa entrou com pedido de falência depois que as autoridades confiscaram sua conta bancária, impossibilitando o pagamento de funcionários e fornecedores. | Tecnologia | G1";"NÃO FAKE"
1073;"Tecnologia e Inovação";"Aplicativo de entrega de comida ajudou russas a acharem torturador em delegacia | Tecnologia | G1";"NÃO FAKE"
1074;"Tecnologia e Inovação";"iPhone 14: Apple trouxe 3 inovações em sua nova linha de smartphones | Tecnologia | G1";"NÃO FAKE"
1076;"Tecnologia e Inovação";"iPhone 14: Apple reduz preços de celulares antigos | Tecnologia | G1";"NÃO FAKE"
1078;"Tecnologia e Inovação";"Google homenageia 200 anos de independência do Brasil | Tecnologia | G1";"NÃO FAKE"
1079;"Tecnologia e Inovação";"Apple vai recorrer de decisão que suspende venda de iPhone sem carregador. O Ministério da Justiça ordena a venda de iPhones com carregador no Brasil | Tecnologia | G1";"NÃO FAKE"
1081;"Tecnologia e Inovação";"Japão declarou guerra a disquetes e CDs | Tecnologia | G1";"NÃO FAKE"
1082;Política;"Ministério da Justiça determina suspensão de venda de iPhone sem carregador e aplica multa de R$ 12 milhões à Apple | Tecnologia | G1";"NÃO FAKE"
1082;"Tecnologia e Inovação";"Ministério da Justiça determina suspensão de venda de iPhone sem carregador e aplica multa de R$ 12 milhões à Apple | Tecnologia | G1";"NÃO FAKE"
1083;"Tecnologia e Inovação";"Assistente do TSE no WhatsApp permite pesquisar se link tem fake news sobre eleições | Tecnologia | G1";"NÃO FAKE"
1084;Política;"WhatsApp monta batalhão com 200 advogados antes de eleições no Brasil | Tecnologia | G1";"NÃO FAKE"
1084;"Tecnologia e Inovação";"WhatsApp monta batalhão com 200 advogados antes de eleições no Brasil | Tecnologia | G1";"NÃO FAKE"
1085;"Tecnologia e Inovação";"Laser pode danificar câmera do celular: fã diz que aparelho teve pane em show de Alok, no Rock in Rio | Tecnologia | G1";"NÃO FAKE"
1085;"Mídia, Informação e Redes Sociais";"Laser pode danificar câmera do celular: fã diz que aparelho teve pane em show de Alok, no Rock in Rio | Tecnologia | G1";"NÃO FAKE"
1087;"Tecnologia e Inovação";"Criadores de conteúdo do OnlyFans ganharam quase R$ 21 bilhões em 2021 | Tecnologia | G1";"NÃO FAKE"
1087;"Mídia, Informação e Redes Sociais";"Criadores de conteúdo do OnlyFans ganharam quase R$ 21 bilhões em 2021 | Tecnologia | G1";"NÃO FAKE"
1091;"Tecnologia e Inovação";"Um piloto da companhia norte-americana Southwest Airlines ameaçou cancelar um voo que ia para Cabo San Lucas (México) após uma pessoa enviar nudes a outros passageiros pela tecnologia AirDrop, da Apple. | Turismo e Viagem | G1.";"NÃO FAKE"
1091;"Sociedade e Comportamento";"Um piloto da companhia norte-americana Southwest Airlines ameaçou cancelar um voo que ia para Cabo San Lucas (México) após uma pessoa enviar nudes a outros passageiros pela tecnologia AirDrop, da Apple. | Turismo e Viagem | G1.";"NÃO FAKE"
1092;"Tecnologia e Inovação";"Sinal do 5G será liberado em Natal, Fortaleza e Recife, diz Anatel | Tecnologia | G1";"NÃO FAKE"
1092;"Cidades e Cotidiano";"Sinal do 5G será liberado em Natal, Fortaleza e Recife, diz Anatel | Tecnologia | G1";"NÃO FAKE"
1093;"Tecnologia e Inovação";"Novo vídeo em 8k do Titanic mostra detalhes do navio naufragado em alta definição | Mundo | G1";"NÃO FAKE"
1093;"Cultura e Entretenimento";"Novo vídeo em 8k do Titanic mostra detalhes do navio naufragado em alta definição | Mundo | G1";"NÃO FAKE"
1094;"Tecnologia e Inovação";"Twitter começa a testar botão de edição em contas pagas | Tecnologia | G1.";"NÃO FAKE"
1094;"Mídia, Informação e Redes Sociais";"Twitter começa a testar botão de edição em contas pagas | Tecnologia | G1.";"NÃO FAKE"
1096;"Tecnologia e Inovação";"Google diz que só aprovará rede social de Trump, na Play Store, se aplicativo tiver moderação de conteúdo | Tecnologia | G1";"NÃO FAKE"
1096;"Mídia, Informação e Redes Sociais";"Google diz que só aprovará rede social de Trump, na Play Store, se aplicativo tiver moderação de conteúdo | Tecnologia | G1";"NÃO FAKE"
1098;"Tecnologia e Inovação";"Procon-SP notifica Tim, Claro, Vivo e Oi para que expliquem a oferta do 5G | Tecnologia | G1";"NÃO FAKE"
1098;"Economia e Negócios";"Procon-SP notifica Tim, Claro, Vivo e Oi para que expliquem a oferta do 5G | Tecnologia | G1";"NÃO FAKE"
1100;"Tecnologia e Inovação";"Zuckerberg anuncia que novo headset do metaverso será lançado | Tecnologia | G1";"NÃO FAKE"
1100;"Mídia, Informação e Redes Sociais";"Zuckerberg anuncia que novo headset do metaverso será lançado | Tecnologia | G1";"NÃO FAKE"
1101;Educação;"A dois dias da divulgação dos resultados sobre aprendizagem na pandemia, coordenadora do Saeb (Sistema Nacional de Avaliação da Educação Básica) pede demissão | Educação | G1";"NÃO FAKE"
1106;Educação;"Dicionário inglês inclui cringe, metaverso e subvariante entre os seus verbetes | Educação | G1";"NÃO FAKE"
1108;Educação;"Dont Say Gay:  lei que proíbe escolas da Flórida de falarem sobre orientação sexual e identidade de gênero | Educação | G1";"NÃO FAKE"
1108;Internacional;"Dont Say Gay:  lei que proíbe escolas da Flórida de falarem sobre orientação sexual e identidade de gênero | Educação | G1";"NÃO FAKE"
1109;"Economia e Negócios";"Prouni perde 60% da verba para assistência estudantil; bolsa-auxílio está congelada há 10 anos | Educação | G1.";"NÃO FAKE"
1109;Educação;"Prouni perde 60% da verba para assistência estudantil; bolsa-auxílio está congelada há 10 anos | Educação | G1.";"NÃO FAKE"
1110;Educação;"Dia Mundial da Alfabetização: índice de brasileiros de 8 anos que não sabem ler e escrever dobrou de 2020 até hoje | Educação | G1";"NÃO FAKE"
1111;Educação;"MEC diz que errou e ofertou bolsas duplicadas do Prouni na 2 chamada; 257 vagas oferecidas não existiam | Educação | G1";"NÃO FAKE"
1116;Educação;"Independência do Brasil: mulheres [como Joana Angélica e Maria Quitéria] que lutaram e foram esquecidas pela História | Educação | G1";"NÃO FAKE"
1117;Educação;"Independência ou Morte: quadro mais famoso do Museu do Ipiranga idealiza fato histórico | Educação | G1.";"NÃO FAKE"
1117;"Cultura e Entretenimento";"Independência ou Morte: quadro mais famoso do Museu do Ipiranga idealiza fato histórico | Educação | G1.";"NÃO FAKE"
1119;Educação;"Nem masculino, nem feminino, nem neutro: o inglês perdeu o gênero gramatical | Educação | G1";"NÃO FAKE"
1121;Educação;"Todas as crianças carregam em si a semente da genialidade, diz educadora | Educação. Em conversa com a BBC, a educadora diz que as escolas vivem a maior crise de sua história e que é preciso recomeçar do zero. | G1";"NÃO FAKE"
1123;Educação;"Encceja 2022: estipula prazo para pedir reaplicação da prova em caso de ausências por Covid-19 | Educação | G1";"NÃO FAKE"
1127;"Economia e Negócios";"Dívidas com o Fies podem ser renegociadas com descontos de até 99% | Educação | G1.";"NÃO FAKE"
1127;Educação;"Dívidas com o Fies podem ser renegociadas com descontos de até 99% | Educação | G1.";"NÃO FAKE"
1129;"Tecnologia e Inovação";"Caixa lança aplicativo do Fies e novo canal permite renegociação com desconto de até 99% | Campinas e Região | G1";"NÃO FAKE"
1129;"Economia e Negócios";"Caixa lança aplicativo do Fies e novo canal permite renegociação com desconto de até 99% | Campinas e Região | G1";"NÃO FAKE"
1134;Política;"10 anos da Lei de Cotas: ela está ameaçada | Educação | G1";"NÃO FAKE"
1134;Educação;"10 anos da Lei de Cotas: ela está ameaçada | Educação | G1";"NÃO FAKE"
1136;Educação;"Tradição oral na cultura brasileira e o papel da indústria da moda na preservação ambiental, são temas da redação do Encceja 2022 | Educação | G1.";"NÃO FAKE"
1136;"Meio Ambiente e Clima";"Tradição oral na cultura brasileira e o papel da indústria da moda na preservação ambiental, são temas da redação do Encceja 2022 | Educação | G1.";"NÃO FAKE"
1138;"Economia e Negócios";"85% da população defende que rico pague mais impostos para financiar políticas sociais. O levantamento foi realizado pela Oxfam Brasil e pelo Datafolha | Economia | G1";"NÃO FAKE"
1140;"Economia e Negócios";"Auxílio Brasil: pagar R$ 600 por mês em 2023 exigirá ajuste nas regras fiscais, avalia IFI | Economia | G1";"NÃO FAKE"
1141;"Saúde e Bem-estar";"A Secretaria Nacional do Consumidor (Senacon) do Ministério da Justiça notificou que a empresa Bassar Pet Food faça recolhimento compulsório de petiscos caninos. A decisão veio após notícias de mortes de cães que ingeriram os petiscos da marca. | Agronegócios | G1";"NÃO FAKE"
1142;Política;"G1 lança campanha focada na cobertura eleitoral | Midia e Marketing | G1";"NÃO FAKE"
1142;"Mídia, Informação e Redes Sociais";"G1 lança campanha focada na cobertura eleitoral | Midia e Marketing | G1";"NÃO FAKE"
1143;"Economia e Negócios";"Joias, terras, imóveis e até cisnes: esse é o patrimônio da família real britânica | Economia | G1";"NÃO FAKE"
1143;Internacional;"Joias, terras, imóveis e até cisnes: esse é o patrimônio da família real britânica | Economia | G1";"NÃO FAKE"
1145;"Economia e Negócios";"Decisão do TCU abre caminho para que BNDES agilize devolução de R$ 70 bilhões à União | Economia | G1";"NÃO FAKE"
1146;"Economia e Negócios";"Brasileiros já pagaram R$ 2 trilhões em impostos no ano de 2022 | Economia | G1";"NÃO FAKE"
1147;"Economia e Negócios";"Governo cancela mais dois leilões de energia marcados para este ano | Economia | G1";"NÃO FAKE"
1148;"Economia e Negócios";"Censo 2022: IBGE abre nova seleção com 72 vagas para recenseadores em 4 cidades da região de Campinas | Concursos e emprego em Campinas e região | G1";"NÃO FAKE"
1149;"Economia e Negócios";"Com dinheiro bloqueado em país em crise, libanesa assalta banco para pagar tratamento da irmã doente | Economia | G1";"NÃO FAKE"
1151;"Economia e Negócios";"União Europeia propõe proibir produtos feitos a partir de trabalho forçado | Economia | G1.";"NÃO FAKE"
1151;Internacional;"União Europeia propõe proibir produtos feitos a partir de trabalho forçado | Economia | G1.";"NÃO FAKE"
1153;"Economia e Negócios";"Vendas do comércio recuam 0,8% em julho [de 2022], na terceira queda seguida | Economia | G1";"NÃO FAKE"
1155;"Economia e Negócios";"TRFs vão pagar R$ 11 bi em precatórios previdenciários e assistenciais | Economia | G1";"NÃO FAKE"
1158;"Economia e Negócios";"INSS: é possível fazer contribuição, mesmo sem trabalhar | Economia | G1";"NÃO FAKE"
1159;"Economia e Negócios";"Salário médio de contratação [em 2022] fica menor do que há um ano| Economia | G1";"NÃO FAKE"
1160;"Economia e Negócios";"Impasse entre União, estados e distribuidoras trava medida que pode reduzir conta de luz em 7,4% | De olho no orçamento | G1";"NÃO FAKE"
1161;"Saúde e Bem-estar";"Três, em cada dez famílias, enfrentam insegurança alimentar moderada ou grave | Economia | G1.";"NÃO FAKE"
1161;"Sociedade e Comportamento";"Três, em cada dez famílias, enfrentam insegurança alimentar moderada ou grave | Economia | G1.";"NÃO FAKE"
1164;"Economia e Negócios";"Acordo de 2015, que repassou risco hidrológico ao consumidor, já custou R$ 36 bilhões a mais na conta de luz, calcula Aneel | Economia | G1";"NÃO FAKE"
1165;"Economia e Negócios";"Alta do emprego está concentrada em vagas de baixa escolaridade e expõe precarização, diz Dieese (Departamento Intersindical de Estatística e Estudos Sócio Econômico) | Economia | G1";"NÃO FAKE"
1168;"Economia e Negócios";"Seguro-desemprego é prorrogado por 2 meses em 17 cidades atingidas por calamidades | Economia | G1";"NÃO FAKE"
1169;"Economia e Negócios";"Deflação é menor para mais pobres, diz Ipea (Instituto de Pesquisa Econômica Aplicada) | Economia | G1";"NÃO FAKE"
1170;"Economia e Negócios";"Conta de luz: Aneel propõe tornar obrigatório PIX como opção de pagamento | Economia | G1";"NÃO FAKE"
1172;"Economia e Negócios";"Mais de 300 vagas estão abertas em cidades de RO pelo Geração Emprego | Rondônia | G1";"NÃO FAKE"
1174;"Economia e Negócios";"Inflação nos EUA fica em 8,3% em 12 meses até agosto [2022] | Economia | G1";"NÃO FAKE"
1180;"Economia e Negócios";"BPC (Benefício de prestação continuada) poderá ter direito ao 13 salário no final do ano | Jornal Contábil ";"NÃO FAKE"
1181;"Segurança e Justiça";"Juiz decreta prisão preventiva de acusado de matar adolescente de 14 anos no DF";"NÃO FAKE"
1182;"Tecnologia e Inovação";"Bioimpressora produz curativo com células-tronco do próprio paciente que acelera a cicatrização  |  Notícias - R7 Saúde";"NÃO FAKE"
1183;"Economia e Negócios";"Banco depositou R$ 259 bilhões em conta de família por acidente, mas alegria não durou muito - Notícias - R7 Hora 7";"NÃO FAKE"
1185;"Economia e Negócios";"56% dos empresários apontam Reforma Tributária como prioridade no próximo governo - Notícias - R7 Economia";"NÃO FAKE"
1186;Educação;"Museu do Ipiranga segue com ingressos esgotados uma semana após reabertura - Notícias - R7 São Paulo.";"NÃO FAKE"
1186;"Cultura e Entretenimento";"Museu do Ipiranga segue com ingressos esgotados uma semana após reabertura - Notícias - R7 São Paulo.";"NÃO FAKE"
1191;"Tecnologia e Inovação";"Marca de celulares Oppo chega ao Brasil como 5 maior do mundo e cogita fabricação local | Tecnologia | G1";"NÃO FAKE"
1193;"Tecnologia e Inovação";"Uber diz que hacker não acessou dados de usuários, mas baixou mensagens de funcionários | Tecnologia | G1";"NÃO FAKE"
1194;"Tecnologia e Inovação";"GIFs são cringe: site de imagens animadas diz que saiu de moda e pede para ser vendido à dona do Facebook | Tecnologia | G1";"NÃO FAKE"
1194;"Mídia, Informação e Redes Sociais";"GIFs são cringe: site de imagens animadas diz que saiu de moda e pede para ser vendido à dona do Facebook | Tecnologia | G1";"NÃO FAKE"
1195;"Tecnologia e Inovação";"DF tem maior percentual de residências com uso de internet no Brasil, diz IBGE | Distrito Federal | G1";"NÃO FAKE"
1195;"Cidades e Cotidiano";"DF tem maior percentual de residências com uso de internet no Brasil, diz IBGE | Distrito Federal | G1";"NÃO FAKE"
1196;Política;"A cidade que processa Twitter por rumor de seita de pedófilos satanistas | Mundo | G1.";"NÃO FAKE"
1196;"Mídia, Informação e Redes Sociais";"A cidade que processa Twitter por rumor de seita de pedófilos satanistas | Mundo | G1.";"NÃO FAKE"
1197;Política;"Eleições: acordo do TSE com redes sociais é avanço, mas não resolve o problema das fake news, dizem especialistas | Tecnologia | G1.";"NÃO FAKE"
1197;"Mídia, Informação e Redes Sociais";"Eleições: acordo do TSE com redes sociais é avanço, mas não resolve o problema das fake news, dizem especialistas | Tecnologia | G1.";"NÃO FAKE"
1198;"Tecnologia e Inovação";"Uber diz que incidente de cibersegurança não afetou dados sensíveis de usuários | Tecnologia | G1";"NÃO FAKE"
1199;"Tecnologia e Inovação";"Em 2021, 28 milhões de pessoas no Brasil não usaram a internet, diz IBGE | Tecnologia | G1.";"NÃO FAKE"
1199;"Cidades e Cotidiano";"Em 2021, 28 milhões de pessoas no Brasil não usaram a internet, diz IBGE | Tecnologia | G1.";"NÃO FAKE"
1201;"Tecnologia e Inovação";"Central da Família: controle parental do Instagram é lançado globalmente | Tecnologia | G1";"NÃO FAKE"
1201;"Mídia, Informação e Redes Sociais";"Central da Família: controle parental do Instagram é lançado globalmente | Tecnologia | G1";"NÃO FAKE"
1202;"Tecnologia e Inovação";"Usar emoji de berinjela para paquerar não pega bem, diz pesquisa | Tecnologia | G1";"NÃO FAKE"
1202;"Mídia, Informação e Redes Sociais";"Usar emoji de berinjela para paquerar não pega bem, diz pesquisa | Tecnologia | G1";"NÃO FAKE"
1203;"Tecnologia e Inovação";"10 anos do Tinder: o futuro do app que transformou o amor, o sexo e as relações | Tecnologia | G1";"NÃO FAKE"
1203;"Mídia, Informação e Redes Sociais";"10 anos do Tinder: o futuro do app que transformou o amor, o sexo e as relações | Tecnologia | G1";"NÃO FAKE"
1206;"Saúde e Bem-estar";"Covid-19: Unicamp tem 1 dia sem obrigatoriedade do uso de máscara em campi e colégios técnicos | Educação | G1.";"NÃO FAKE"
1206;Educação;"Covid-19: Unicamp tem 1 dia sem obrigatoriedade do uso de máscara em campi e colégios técnicos | Educação | G1.";"NÃO FAKE"
1207;Educação;"Na rede estadual de SP, avanço no Ideb (Índice de Desenvolvimento da Educação Básica) ocorreu pela alta da aprovação, e não da nota da prova | Educação | G1";"NÃO FAKE"
1208;Educação;"Ideb (Índice de Desenvolvimento da Educação Básica) 2021 na PB estaciona nos anos iniciais do fundamental, mas sobe nos anos finais e ensino médio | Paraíba | G1.";"NÃO FAKE"
1210;Educação;"São considerados Raio X da educação: Censo Escolar, Ideb (Índice de Desenvolvimento da Educação Básica) e Saeb (Sistema Nacional de Avaliação da Educação Básica) | Educação | G1";"NÃO FAKE"
1212;Educação;"Porcentagem de crianças de 2 anos que não sabem ler e escrever nem palavras isoladas mais do que dobra na pandemia, diz Inep | Educação | G1";"NÃO FAKE"
1214;Educação;"Em SP, Ideb (Índice de Desenvolvimento da Educação Básica) 2021 tem queda nos anos iniciais, fica estagnado nos anos finais e sobe 0,1 ponto no ensino médio | Educação | G1.";"NÃO FAKE"
1215;Educação;"Ideb (Índice de Desenvolvimento da Educação Básica) 2021, índice que mede a qualidade da educação brasileira, varia pouco em relação a 2019 | Educação | G1";"NÃO FAKE"
1216;Educação;"Ideb (Índice de Desenvolvimento da Educação Básica) 2021 pode passar impressões enganosas sobre a realidade da educação brasileira| Educação | G1";"NÃO FAKE"
1217;Educação;"Ensino médio teve 347 mil matrículas a menos em 2022, mostram dados preliminares do Censo Escolar | Educação | G1";"NÃO FAKE"
1218;Educação;"11% das crianças e adolescentes estão fora da escola no Brasil, aponta pesquisa do Unicef | Educação | G1";"NÃO FAKE"
1219;Educação;"A preta do morro se formou: filha de faxineira conclui faculdade de enfermagem e viraliza nas redes sociais | Educação | G1";"NÃO FAKE"
1221;"Economia e Negócios";"Governo aprova condições para privatização do Porto de Santos | Economia | G1";"NÃO FAKE"
1223;"Economia e Negócios";"Anatel diz que vai obrigar operadoras de telecomunicações a repassar redução do ICMS a consumidores | Economia | G1";"NÃO FAKE"
1226;"Segurança e Justiça";"TJ-SP amplia pela 2 vez prazo para Hopi Hari demonstrar regularidade fiscal e evitar risco de falência | Campinas e Região | G1";"NÃO FAKE"
1227;"Economia e Negócios";"A inflação afeta os preços dos produtos cotidianos | Economia | G1";"NÃO FAKE"
1228;"Economia e Negócios";"Ministra do Meio Ambiente da Suíça recomenda que as pessoas tomem banho juntas para economizar energia | Mundo | G1";"NÃO FAKE"
1229;"Economia e Negócios";"Mundial do Queijo tem brasileira em 2 lugar e até iguaria com cachaça | Agronegócios | G1";"NÃO FAKE"
1232;"Economia e Negócios";"Aneel aprova mudança no cálculo das tarifas de transmissão de energia e beneficia consumidores do Norte e Nordeste | Economia | G1";"NÃO FAKE"
1235;"Economia e Negócios";"Mundo ganhou 46 mil super-ricos [milionários] em 2021, como mostra a imagem com o relatório | Economia | G1";"NÃO FAKE"
1236;"Economia e Negócios";"Bitcoin e Ethereum dão sinais de recuperação e analistas questionam fundo do poço | Economia | G1";"NÃO FAKE"
1237;"Economia e Negócios";"Dólar fecha em queda à espera de decisão sobre juros no Brasil e nos EUA | Economia | G1";"NÃO FAKE"
1239;"Economia e Negócios";"Arroz é alimento milenar e tem cores diferentes | Agronegócios | G1";"NÃO FAKE"
1243;"Economia e Negócios";"Feijão verde falso: é possível identificar se o grão foi tingido | Agronegócios | G1";"NÃO FAKE"
1244;"Economia e Negócios";"Governo espera receber quase R$ 100 bilhões de bancos públicos por empréstimos considerados irregulares | Economia | G1";"NÃO FAKE"
1245;"Economia e Negócios";"Diesel da Petrobras fica 5,8% mais barato nas refinarias a partir de setembro de 2022; no ano, alta ainda passa de 40% | Economia | G1";"NÃO FAKE"
1249;"Economia e Negócios";"Auxílio Brasil: mais de 450 mil famílias são incluídas para receber benefício em setembro [de 2022] | Economia | G1";"NÃO FAKE"
1252;"Economia e Negócios";"Cancelamento de leilões de energia, pelo governo, divide setor elétrico | Economia | G1";"NÃO FAKE"
1255;"Economia e Negócios";"Petrobras anuncia redução de 5.8% no preço do diesel [em 2022]; alta no ano ainda supera 40% | Economia | G1";"NÃO FAKE"
1257;"Economia e Negócios";"Economia brasileira cresceu 0,6% em julho [de 2022], aponta FGV | Economia | G1";"NÃO FAKE"
1258;"Economia e Negócios";"Ibovespa fecha em forte alta com ganhos em empresas de educação | Economia | G1";"NÃO FAKE"
1269;Política;"Motoristas de aplicativos são multados, mesmo com o protocolo de regularização - RIC Mais";"NÃO FAKE"
1270;"Economia e Negócios";"Dona do Facebook levanta US$10 bi em 1 emissão de dívida | Tecnologia | G1";"NÃO FAKE"
1270;"Tecnologia e Inovação";"Dona do Facebook levanta US$10 bi em 1 emissão de dívida | Tecnologia | G1";"NÃO FAKE"
1273;"Tecnologia e Inovação";"Latam, Gol e Azul disponibilizam embarque com reconhecimento facial | Turismo e Viagem | G1.";"NÃO FAKE"
1273;Turismo;"Latam, Gol e Azul disponibilizam embarque com reconhecimento facial | Turismo e Viagem | G1.";"NÃO FAKE"
1274;"Tecnologia e Inovação";"WhatsApp: novos recursos para esconder status online e sair de fininho repercutem na web | Tecnologia | G1";"NÃO FAKE"
1274;"Mídia, Informação e Redes Sociais";"WhatsApp: novos recursos para esconder status online e sair de fininho repercutem na web | Tecnologia | G1";"NÃO FAKE"
1275;"Tecnologia e Inovação";"WhatsApp começa a permitir saída silenciosa de grupos | Tecnologia | G1";"NÃO FAKE"
1275;"Mídia, Informação e Redes Sociais";"WhatsApp começa a permitir saída silenciosa de grupos | Tecnologia | G1";"NÃO FAKE"
1278;Política;"PF alerta para golpe que utiliza nome do PicPay e promete R$ 200 via PIX | Pernambuco | G1";"NÃO FAKE"
1279;"Tecnologia e Inovação";"A democracia que usa reconhecimento facial para registrar os rostos de seus cidadãos | Tecnologia | G1";"NÃO FAKE"
1280;Política;"Musk desafia presidente do Twitter para debate público sobre bots | Tecnologia | G1";"NÃO FAKE"
1280;"Mídia, Informação e Redes Sociais";"Musk desafia presidente do Twitter para debate público sobre bots | Tecnologia | G1";"NÃO FAKE"
1282;"Tecnologia e Inovação";"1 mês do 5G no Brasil: as antenas foram instaladas em quatro capitais (Porto Alegre, João Pessoa, Belo Horizonte e São Paulo) que têm a faixa principal ativada | Tecnologia | G1";"NÃO FAKE"
1283;"Tecnologia e Inovação";"Twitter confirma vazamento de dados de 5,4 milhões de contas | Tecnologia | G1.";"NÃO FAKE"
1283;"Mídia, Informação e Redes Sociais";"Twitter confirma vazamento de dados de 5,4 milhões de contas | Tecnologia | G1.";"NÃO FAKE"
1284;"Tecnologia e Inovação";"Elon Musk acusa Twitter de ter 65 milhões a menos de usuários monetizáveis | Tecnologia | G1";"NÃO FAKE"
1284;"Mídia, Informação e Redes Sociais";"Elon Musk acusa Twitter de ter 65 milhões a menos de usuários monetizáveis | Tecnologia | G1";"NÃO FAKE"
1301;"Tecnologia e Inovação";"WhatsApp diz que nenhum governo o fará enfraquecer sua criptografia | Tecnologia | G1.";"NÃO FAKE"
1301;"Mídia, Informação e Redes Sociais";"WhatsApp diz que nenhum governo o fará enfraquecer sua criptografia | Tecnologia | G1.";"NÃO FAKE"
1302;"Tecnologia e Inovação";"Publicado em 30/07/2022. Formigas invadem Kindle e compram livros: Tinha virado um ninho | Tecnologia | G1";"NÃO FAKE"
1303;"Tecnologia e Inovação";"Após julgamento ser marcado, Elon Musk abre processo sob sigilo contra o Twitter | Tecnologia | G1";"NÃO FAKE"
1303;"Mídia, Informação e Redes Sociais";"Após julgamento ser marcado, Elon Musk abre processo sob sigilo contra o Twitter | Tecnologia | G1";"NÃO FAKE"
1304;"Tecnologia e Inovação";"Instagram desiste dos planos de imitar TikTok | Tecnologia | G1.";"NÃO FAKE"
1304;"Mídia, Informação e Redes Sociais";"Instagram desiste dos planos de imitar TikTok | Tecnologia | G1.";"NÃO FAKE"
1305;"Tecnologia e Inovação";"Grupo da Anatel aprova projeto-piloto para levar internet a 181 escolas com recursos do leilão do 5G | Tecnologia | G1.";"NÃO FAKE"
1305;"Cidades e Cotidiano";"Grupo da Anatel aprova projeto-piloto para levar internet a 181 escolas com recursos do leilão do 5G | Tecnologia | G1.";"NÃO FAKE"
1307;"Tecnologia e Inovação";"Internet 5G chega a Belo Horizonte, João Pessoa e Porto Alegre | Tecnologia | G1";"NÃO FAKE"
1309;"Tecnologia e Inovação";"MPF recomenda que WhatsApp adie implementação da ferramenta Comunidades no Brasil para janeiro de 2023 | São Paulo | G1";"NÃO FAKE"
1311;"Saúde e Bem-estar";"UnB suspende aulas presenciais em duas turmas após suspeita de varíola dos macacos | Distrito Federal | G1";"NÃO FAKE"
1312;Política;"Câmara aprova projeto que cria política nacional de educação digital | Política | G1";"NÃO FAKE"
1312;Educação;"Câmara aprova projeto que cria política nacional de educação digital | Política | G1";"NÃO FAKE"
1313;Educação;"Publicação em 04/08/2022. Projeto de vida no novo ensino médio: alunos comemoram; professores se queixam de falta de formação | Educação | G1";"NÃO FAKE"
1315;Educação;"Prouni do 2 semestre: vagas somem do sistema e classificação parcial não é divulgada, dizem candidatos | Educação | G1";"NÃO FAKE"
1318;Educação;"Escola Sesi oferece bolsas de estudo 100% gratuitas para cidades do Centro-Oeste de Minas | Centro-Oeste | G1";"NÃO FAKE"
1319;Educação;"Unicamp 2023: análise das fotos de cotistas deve reduzir pela metade demanda para banca verificar autodeclaração étnico-racial | Educação | G1";"NÃO FAKE"
1321;Educação;"Unicamp 2023: comissão libera dupla inscrição para candidatos da rede pública à espera de dobrar procura para vagas via Enem | Educação | G1";"NÃO FAKE"
1326;Educação;"Lição de casa não deve ter decoreba, tarefas repetitivas e estresse: dessa forma ela pode beneficiar crianças | Educação | G1";"NÃO FAKE"
1327;Educação;"USP remarca concurso público cancelado após sobrinhas de funcionária ficarem em 1 e 2 lugar | Educação | G1";"NÃO FAKE"
1328;Educação;"Brasileiro eleito um dos melhores estudantes do mundo gasta 5 horas por dia no transporte público para ir e voltar da escola | Rio de Janeiro | G1.";"NÃO FAKE"
1328;"Cidades e Cotidiano";"Brasileiro eleito um dos melhores estudantes do mundo gasta 5 horas por dia no transporte público para ir e voltar da escola | Rio de Janeiro | G1.";"NÃO FAKE"
1329;Educação;"Publicado em 28/07/2022 .UFJF convoca mais 13 alunos na lista de reclassificação do Pism (Programa de Ingresso Seletivo Misto) para o segundo semestre de 2022 | Zona da Mata | G1";"NÃO FAKE"
1331;Educação;"Pism (Programa de Ingresso Seletivo Misto) 2023: UFJF divulga versões ilustrada e em Libras do edital | Zona da Mata | G1";"NÃO FAKE"
1332;"Tecnologia e Inovação";"Óculos falantes: como um dispositivo de inteligência artificial ajuda estudantes cegos no Brasil | Inovação | G1";"NÃO FAKE"
1333;Política;"Em reunião anual da SBPC (Sociedade Brasileira para o Progresso da Ciência), cientistas pedem que recursos do orçamento secreto sejam destinados à educação e pesquisa | Distrito Federal | G1";"NÃO FAKE"
1333;Ciência;"Em reunião anual da SBPC (Sociedade Brasileira para o Progresso da Ciência), cientistas pedem que recursos do orçamento secreto sejam destinados à educação e pesquisa | Distrito Federal | G1";"NÃO FAKE"
1335;Política;"Tribunal de Contas dá 10 dias para USP explicar cancelamento de concurso em que sobrinhas de funcionária ficaram em 1 e 2 lugar | Educação | G1";"NÃO FAKE"
1335;Educação;"Tribunal de Contas dá 10 dias para USP explicar cancelamento de concurso em que sobrinhas de funcionária ficaram em 1 e 2 lugar | Educação | G1";"NÃO FAKE"
1336;Política;"Ministro da Educação anuncia saída de Danilo Dupas da presidência do Inep | Educação | G1.";"NÃO FAKE"
1336;Educação;"Ministro da Educação anuncia saída de Danilo Dupas da presidência do Inep | Educação | G1.";"NÃO FAKE"
1337;Educação;"Encontro na Unicamp une etnias e busca fortalecer movimento estudantil indígena nas universidades | Educação | G1";"NÃO FAKE"
1337;"Cultura e Entretenimento";"Encontro na Unicamp une etnias e busca fortalecer movimento estudantil indígena nas universidades | Educação | G1";"NÃO FAKE"
1338;Educação;"9 Encontro Nacional dos Estudantes Indígenas recebe cerca de 2 mil pessoas na Unicamp | Educação | G1";"NÃO FAKE"
1338;"Cultura e Entretenimento";"9 Encontro Nacional dos Estudantes Indígenas recebe cerca de 2 mil pessoas na Unicamp | Educação | G1";"NÃO FAKE"
1339;Política;"Seminário da UFJF discute políticas públicas para a comunidade LGBTQIAP+ | Zona da Mata | G1";"NÃO FAKE"
1339;"Sociedade e Comportamento";"Seminário da UFJF discute políticas públicas para a comunidade LGBTQIAP+ | Zona da Mata | G1";"NÃO FAKE"
1342;Educação;"USP cancela concurso de enfermagem com 7 mil inscritos; sobrinhas de funcionária ficaram em 1 e 2 lugar | Educação | G1";"NÃO FAKE"
1343;Educação;"Enem 2022: região de Campinas tem alta de 9% em inscritos, mas total fica abaixo da pré-pandemia | Educação | G1";"NÃO FAKE"
1344;Política;"Renegociação do Fies: governo autoriza desconto de 12% para dívidas sem atraso e de até 99% para as atrasadas | Educação | G1.";"NÃO FAKE"
1344;Educação;"Renegociação do Fies: governo autoriza desconto de 12% para dívidas sem atraso e de até 99% para as atrasadas | Educação | G1.";"NÃO FAKE"
1346;Educação;"Com cotas, número de alunos pretos e pardos cresce 61,6% em 4 anos na Unicamp, mas é menos de um terço do total da graduação | Educação | G1";"NÃO FAKE"
1347;"Economia e Negócios";"Diretoria da Aneel revoga autorizações para funcionamento de quatro usinas termelétricas emergenciais | Economia | G1";"NÃO FAKE"
1350;"Economia e Negócios";"Balcão de Empregos de Presidente Prudente oferece 581 oportunidades de trabalho  | Presidente Prudente e Região | G1";"NÃO FAKE"
1351;"Economia e Negócios";"Inflação dos serviços atinge o maior nível em oito anos com retomada do consumo, diz IBGE | Economia | G1";"NÃO FAKE"
1352;Política;"Anitta deixa Conselho de Administração do Nubank | Economia | G1";"NÃO FAKE"
1353;"Economia e Negócios";"Consignado no Auxílio Brasil não é o produto certo para público vulnerável, diz presidente do Itaú | Economia | G1";"NÃO FAKE"
1355;"Economia e Negócios";"Rentabilidade dos bancos se recupera em 2021 e lucro bate recorde, diz Banco Central | Economia | G1";"NÃO FAKE"
1357;"Economia e Negócios";"Corte no ICMS derruba IPCA de julho [de 2022], mas não compensa alta em 12 meses | Economia | G1";"NÃO FAKE"
1358;"Economia e Negócios";"Anvisa mantém banimento de agrotóxico cancerígeno, mas descontinuação será gradual | Agronegócios | G1.";"NÃO FAKE"
1358;"Meio Ambiente e Clima";"Anvisa mantém banimento de agrotóxico cancerígeno, mas descontinuação será gradual | Agronegócios | G1.";"NÃO FAKE"
1360;"Economia e Negócios";"Deflação em julho [de 2022] é pontual e não alivia bolso dos mais pobres; o cenário segue ruim para os preços | Economia | G1";"NÃO FAKE"
1361;"Economia e Negócios";"Produção industrial recua em 10 dos 15 locais pesquisados em junho [de 2022], aponta IBGE | Economia | G1";"NÃO FAKE"
1362;"Economia e Negócios";"IPCA: Brasil registra deflação de 0,68% em julho [de 2022], mas no acumulado em 12 meses taxa segue em 2 dígitos | Economia | G1";"NÃO FAKE"
1363;"Economia e Negócios";"Mudanças em impostos de combustíveis leva Banco Central a focar mais na inflação de 2024 ao definir juros | Economia | G1";"NÃO FAKE"
1364;"Economia e Negócios";"Auxílio 2022 pode reduzir pobreza, mas conta para os mais pobres virá depois, alerta economista da FGV | Economia | G1";"NÃO FAKE"
1365;"Economia e Negócios";"Paulo Guedes defende adotar meta de dívida pública no lugar do teto de gastos | Blog Ana Flor | G1";"NÃO FAKE"
1369;"Economia e Negócios";"Gracyanne Barbosa consome 40 ovos por dia; ela dá receita de pudim de clara no novo podcast do G1 | Agronegócios | G1.";"NÃO FAKE"
1369;"Saúde e Bem-estar";"Gracyanne Barbosa consome 40 ovos por dia; ela dá receita de pudim de clara no novo podcast do G1 | Agronegócios | G1.";"NÃO FAKE"
1370;"Economia e Negócios";"ICMS: é o imposto mais importante para os cofres dos estados | Economia | G1";"NÃO FAKE"
1375;"Economia e Negócios";"Auxílio turbinado e consignado: as medidas para injetar dinheiro no bolso dos brasileiros a 2 meses da eleição | Economia | G1";"NÃO FAKE"
1377;Educação;"Prêmio Profissionais do Ano abre inscrições para 44 edição | Midia e Marketing | G1.";"NÃO FAKE"
1377;"Mídia, Informação e Redes Sociais";"Prêmio Profissionais do Ano abre inscrições para 44 edição | Midia e Marketing | G1.";"NÃO FAKE"
1378;"Economia e Negócios";"México, maior exportador de cerveja do mundo, vai diminuir produção por causa de seca | Mundo | G1.";"NÃO FAKE"
1378;"Meio Ambiente e Clima";"México, maior exportador de cerveja do mundo, vai diminuir produção por causa de seca | Mundo | G1.";"NÃO FAKE"
1379;"Economia e Negócios";"Itaú Unibanco registra lucro de R$ 7,436 bilhões no segundo trimestre de 2022 | Economia | G1";"NÃO FAKE"
1380;"Economia e Negócios";"Auxílio Brasil de R$ 600, vale gás com valor de botijão inteiro e auxílio para caminhoneiros começam a ser pagos  | Economia | G1";"NÃO FAKE"
1381;"Economia e Negócios";"Loggi entra na lista de startups que demitem com corte de 15% do quadro de funcionários | Economia | G1";"NÃO FAKE"
1383;"Economia e Negócios";"Governo paga R$ 400 milhões em dívidas atrasadas de quatro estados em julho [de 2022], diz Tesouro | Economia | G1";"NÃO FAKE"
1384;"Economia e Negócios";"Endividamento e inadimplência são os maiores em 12 anos; 8 em cada 10 familias têm dívidas, aponta CNC | Economia | G1";"NÃO FAKE"
1388;"Economia e Negócios";"Depois de tragédia com chuvas, Petrópolis recebe Bauernfest | Gazeta Digital";"NÃO FAKE"
1389;"Economia e Negócios";"Austríaca recusa herança de R$ 22 bilhões por acreditar que não seria feliz com todo esse dinheiro | Gazeta Digital.";"NÃO FAKE"
1389;"Sociedade e Comportamento";"Austríaca recusa herança de R$ 22 bilhões por acreditar que não seria feliz com todo esse dinheiro | Gazeta Digital.";"NÃO FAKE"
1392;"Economia e Negócios";"Energia e combustível já são segundo maior gasto das famílias, revela pesquisa - TNH1";"NÃO FAKE"
1395;"Economia e Negócios";"Lucro da Meta, dona do Facebook, cai pela metade no terceiro trimestre [de 2022] | Tecnologia | G1";"NÃO FAKE"
1395;"Mídia, Informação e Redes Sociais";"Lucro da Meta, dona do Facebook, cai pela metade no terceiro trimestre [de 2022] | Tecnologia | G1";"NÃO FAKE"
1397;"Tecnologia e Inovação";"Elon Musk entra na sede do Twitter carregando uma pia | Tecnologia | G1.";"NÃO FAKE"
1397;"Mídia, Informação e Redes Sociais";"Elon Musk entra na sede do Twitter carregando uma pia | Tecnologia | G1.";"NÃO FAKE"
1398;"Economia e Negócios";"Controladora do Google tem menor crescimento de receitas desde 2013 e ações caem 7% | Tecnologia | G1";"NÃO FAKE"
1398;"Tecnologia e Inovação";"Controladora do Google tem menor crescimento de receitas desde 2013 e ações caem 7% | Tecnologia | G1";"NÃO FAKE"
1399;"Tecnologia e Inovação";"iPhones terão mesma entrada de celulares Android, diz vice-presidente da Apple | Tecnologia | G1";"NÃO FAKE"
1402;"Tecnologia e Inovação";"WhatsApp instável [nesta terça-feira] gera memes nas redes sociais | Tecnologia | G1";"NÃO FAKE"
1402;"Mídia, Informação e Redes Sociais";"WhatsApp instável [nesta terça-feira] gera memes nas redes sociais | Tecnologia | G1";"NÃO FAKE"
1404;"Tecnologia e Inovação";"Apple lança fone AirPods Pro de 2 geração no Brasil | Tecnologia | G1";"NÃO FAKE"
1405;"Tecnologia e Inovação";"Nova geração de Apple Watch chega ao Brasil | Tecnologia | G1";"NÃO FAKE"
1409;"Tecnologia e Inovação";"Esqueceu o WhatsApp aberto no computador Veja como fechar a conta pelo celular | Tecnologia | G1.";"NÃO FAKE"
1410;"Tecnologia e Inovação";"Populares nos anos 90, disquetes ainda são vendidos em loja dos EUA | Tecnologia | G1";"NÃO FAKE"
1411;"Economia e Negócios";"Elon Musk planeja demitir 75% dos funcionários do Twitter  | Tecnologia | G1";"NÃO FAKE"
1411;"Tecnologia e Inovação";"Elon Musk planeja demitir 75% dos funcionários do Twitter  | Tecnologia | G1";"NÃO FAKE"
1413;"Tecnologia e Inovação";"Instagram vai bloquear ofensas que trocam letras por números | Tecnologia | G1";"NÃO FAKE"
1413;"Mídia, Informação e Redes Sociais";"Instagram vai bloquear ofensas que trocam letras por números | Tecnologia | G1";"NÃO FAKE"
1414;"Tecnologia e Inovação";"TikTok proíbe menores de idade em lives após reportagem da BBC. Investigação jornalística mostrou centenas de contas ativas com crianças refugiadas da Síria pedindo por doações em dinheiro, enquanto plataforma ganhava até 70% dos valores repassados. | Tecnologia | G1";"NÃO FAKE"
1414;"Mídia, Informação e Redes Sociais";"TikTok proíbe menores de idade em lives após reportagem da BBC. Investigação jornalística mostrou centenas de contas ativas com crianças refugiadas da Síria pedindo por doações em dinheiro, enquanto plataforma ganhava até 70% dos valores repassados. | Tecnologia | G1";"NÃO FAKE"
1415;"Tecnologia e Inovação";"Casal controla casa com chips implantados no corpo e viraliza | Tecnologia | G1";"NÃO FAKE"
1415;"Sociedade e Comportamento";"Casal controla casa com chips implantados no corpo e viraliza | Tecnologia | G1";"NÃO FAKE"
1416;"Tecnologia e Inovação";"Computador da Apple usado por Steve Jobs há 34 anos vai a leilão | Tecnologia | G1";"NÃO FAKE"
1417;"Tecnologia e Inovação";"Câmera digital mais potente do mundo tem 3,2 gigapixels de resolução e é equivalente a 266 iPhones 13 | Inovação | G1";"NÃO FAKE"
1418;"Tecnologia e Inovação";"Alemanha multa Telegram em 5 milhões de euros | Tecnologia | G1";"NÃO FAKE"
1418;"Mídia, Informação e Redes Sociais";"Alemanha multa Telegram em 5 milhões de euros | Tecnologia | G1";"NÃO FAKE"
1421;"Tecnologia e Inovação";"Meta, dona do Facebook, aceita ordem do Reino Unido para vender site de GIFs | Tecnologia | G1";"NÃO FAKE"
1421;"Mídia, Informação e Redes Sociais";"Meta, dona do Facebook, aceita ordem do Reino Unido para vender site de GIFs | Tecnologia | G1";"NÃO FAKE"
1422;"Economia e Negócios";"Netflix volta a crescer e chega a 223 milhões de assinantes | Tecnologia | G1";"NÃO FAKE"
1422;"Tecnologia e Inovação";"Netflix volta a crescer e chega a 223 milhões de assinantes | Tecnologia | G1";"NÃO FAKE"
1423;Política;"Senado aprova MP que dá autonomia à Autoridade Nacional de Proteção de Dados | Política | G1";"NÃO FAKE"
1424;Educação;"Aluno detona bomba caseira que aprendeu a fazer no TikTok e fere mais de dez colegas em escola no Chile | Mundo | G1";"NÃO FAKE"
1424;"Mídia, Informação e Redes Sociais";"Aluno detona bomba caseira que aprendeu a fazer no TikTok e fere mais de dez colegas em escola no Chile | Mundo | G1";"NÃO FAKE"
1425;"Tecnologia e Inovação";"Apple lança nova versão do iPad Pro e iPad 10 | Tecnologia | G1";"NÃO FAKE"
1426;"Economia e Negócios";"Anatel anuncia novas medidas para tentar combater o telemarketing abusivo | Economia | G1";"NÃO FAKE"
1427;"Tecnologia e Inovação";"Memória cheia: Facebook, TikTok, Instagram e outros, têm aplicativos que ocupam menos espaço | Tecnologia | G1";"NÃO FAKE"
1427;"Mídia, Informação e Redes Sociais";"Memória cheia: Facebook, TikTok, Instagram e outros, têm aplicativos que ocupam menos espaço | Tecnologia | G1";"NÃO FAKE"
1428;"Tecnologia e Inovação";"Publica em 17/10/2022 .iPhone de 2007 lacrado é leiloado por R$ 207 mil nos EUA | Tecnologia | G1";"NÃO FAKE"
1430;"Tecnologia e Inovação";"Publicado em 15/10/2022. Musk volta atrás e diz que continuará financiando rede de internet Starlink na Ucrânia | Mundo | G1";"NÃO FAKE"
1430;"Mídia, Informação e Redes Sociais";"Publicado em 15/10/2022. Musk volta atrás e diz que continuará financiando rede de internet Starlink na Ucrânia | Mundo | G1";"NÃO FAKE"
1431;"Tecnologia e Inovação";"Publicado em 15/10/2022. Perfume Cabelo Queimado de Elon Musk tem vendas esgotadas em menos de uma semana | Tecnologia | G1";"NÃO FAKE"
1431;"Economia e Negócios";"Publicado em 15/10/2022. Perfume Cabelo Queimado de Elon Musk tem vendas esgotadas em menos de uma semana | Tecnologia | G1";"NÃO FAKE"
1432;"Cultura e Entretenimento";"Portugal facilita vistos para nômades digitais | Turismo e Viagem | G1.";"NÃO FAKE"
1432;Turismo;"Portugal facilita vistos para nômades digitais | Turismo e Viagem | G1.";"NÃO FAKE"
1433;"Tecnologia e Inovação";"Microsoft encerra pacote Office e anuncia substituto | Tecnologia | G1";"NÃO FAKE"
1434;"Tecnologia e Inovação";"Musk diz que SpaceX não pode financiar Starlink indefinidamente na Ucrânia | Ucrânia e Rússia | G1";"NÃO FAKE"
1434;Internacional;"Musk diz que SpaceX não pode financiar Starlink indefinidamente na Ucrânia | Ucrânia e Rússia | G1";"NÃO FAKE"
1435;Educação;"Publicado em 26/10/2022. Enem 2022: veja tópicos que costumam cair na prova de ciências humanas | Enem 2022 | G1";"NÃO FAKE"
1436;Educação;"Darcy Ribeiro: 100 anos do visionário que lutou por indígenas, pela educação e fugiu de UTI para concluir livro | Educação | G1";"NÃO FAKE"
1436;"Sociedade e Comportamento";"Darcy Ribeiro: 100 anos do visionário que lutou por indígenas, pela educação e fugiu de UTI para concluir livro | Educação | G1";"NÃO FAKE"
1437;Educação;"Jovens baianos são premiados na Olímpiada de Robótica após programarem robôs para resgate de vítimas em desastres | Bahia | G1";"NÃO FAKE"
1437;"Tecnologia e Inovação";"Jovens baianos são premiados na Olímpiada de Robótica após programarem robôs para resgate de vítimas em desastres | Bahia | G1";"NÃO FAKE"
1438;Educação;"Locais de prova do Enem 2022 são divulgados, mas candidatos relatam instabilidade na página do participante | Enem 2022 | G1";"NÃO FAKE"
1439;Educação;"Alunos na BA chegam à final de competição global após criarem luva com bioplástico que decompõe em menos de um ano | Bahia | G1";"NÃO FAKE"
1439;"Tecnologia e Inovação";"Alunos na BA chegam à final de competição global após criarem luva com bioplástico que decompõe em menos de um ano | Bahia | G1";"NÃO FAKE"
1440;Educação;"Enem digital 2022: prova não é feita de casa. Instruções de funciona e do que levar no dia da prova são disponibilizadas | Enem 2022 | G1";"NÃO FAKE"
1441;Educação;"USP propõe trocar Sisu por nova forma de seleção via Enem | Educação | G1";"NÃO FAKE"
1442;Educação;"Com 239,5 candidatos por vaga, curso de medicina em Botucatu é o mais concorrido do Vestibular 2023 da Unesp | Bauru e Marília | G1";"NÃO FAKE"
1443;Educação;"Casimiro e professora de português discutem sobre redação do Enem; tá me criticando!, brinca youtuber | Enem 2022 | G1";"NÃO FAKE"
1443;"Mídia, Informação e Redes Sociais";"Casimiro e professora de português discutem sobre redação do Enem; tá me criticando!, brinca youtuber | Enem 2022 | G1";"NÃO FAKE"
1444;"Economia e Negócios";"Inova da Unicamp vê quase triplicar empresas-filhas de comércio e serviço; TI teve redução e agência diz haver migração | Educação | G1";"NÃO FAKE"
1444;Educação;"Inova da Unicamp vê quase triplicar empresas-filhas de comércio e serviço; TI teve redução e agência diz haver migração | Educação | G1";"NÃO FAKE"
1445;Educação;"Redação no Enem: G1 reúne 80 exemplos de textos Nota Mil no Exame Nacional do Ensino Médio | Enem 2022 | G1";"NÃO FAKE"
1449;Educação;"Meteu essa: professora escreve modelo de redação nota mil do Enem citando o youtuber Casimiro | Enem 2022 | G1";"NÃO FAKE"
1449;"Mídia, Informação e Redes Sociais";"Meteu essa: professora escreve modelo de redação nota mil do Enem citando o youtuber Casimiro | Enem 2022 | G1";"NÃO FAKE"
1450;Educação;"Paciência e carinho: segredos de educadora para garantir alfabetização de adultos | Educação | G1.";"NÃO FAKE"
1450;"Sociedade e Comportamento";"Paciência e carinho: segredos de educadora para garantir alfabetização de adultos | Educação | G1.";"NÃO FAKE"
1451;Educação;"Enem 2022: professores dão palpites para o tema da redação | Enem 2022 | G1";"NÃO FAKE"
1453;"Economia e Negócios";"Candidato que não vê elo entre educação e economia não ajuda o Brasil, diz diretor da OCDE (Organização para a Cooperação e Desenvolvimento Econômico) | Economia | G1";"NÃO FAKE"
1455;Educação;"MEC não priorizou gastos com a educação básica em 2021, alerta Todos pela Educação | Educação | G1";"NÃO FAKE"
1457;Educação;"Universidade Federal da Bahia integra ranking de melhores universidades do mundo | Bahia | G1";"NÃO FAKE"
1458;Educação;"A um mês do Enem 2022, é preciso desacelerar, avaliam especialistas | Enem 2022 | G1";"NÃO FAKE"
1459;Educação;"UFV abre inscrições para curso on-line de produção de alimento para gestante | Zona da Mata | G1";"NÃO FAKE"
1460;Educação;"Brasil é o país da América Latina com mais instituições no ranking de melhores universidades do mundo; USP é a melhor do continente | Educação | G1";"NÃO FAKE"
1461;Educação;"Movimento LED: prêmio que vai dar R$ 1,5 milhão a iniciativas inovadoras de educação tem inscrições abertas | Educação | G1";"NÃO FAKE"
1465;Educação;"Unicamp diz que incluiu vagas de alunos desligados por falta de vacina contra Covid em processo seletivo para remanescentes | Educação | G1";"NÃO FAKE"
1466;Educação;"Não existe justificativa plausível para retirar sequer mais um centavo das universidades e dos institutos federais, diz UnB sobre bloqueio do MEC | Distrito Federal | G1";"NÃO FAKE"
1467;"Economia e Negócios";"Após reitores denunciarem bloqueio de R$ 328 milhões, MEC diz que vai liberar orçamento de universidades | Educação | G1.";"NÃO FAKE"
1467;Educação;"Após reitores denunciarem bloqueio de R$ 328 milhões, MEC diz que vai liberar orçamento de universidades | Educação | G1.";"NÃO FAKE"
1468;Educação;"Prouni 2022: após o 5° problema desta edição, prazo para entrega de documentos dos aprovados na lista de espera é prorrogado | Educação | G1";"NÃO FAKE"
1470;"Economia e Negócios";"Após novo bloqueio de verba pelo MEC, reitora da UFSCar prevê impacto na economia de municípios e na vida das pessoas | Educação | G1";"NÃO FAKE"
1470;Educação;"Após novo bloqueio de verba pelo MEC, reitora da UFSCar prevê impacto na economia de municípios e na vida das pessoas | Educação | G1";"NÃO FAKE"
1471;"Economia e Negócios";"Incerteza do retorno dos recursos bloqueados torna a situação mais caótica nas universidades, diz Andifes | Educação | G1";"NÃO FAKE"
1471;Educação;"Incerteza do retorno dos recursos bloqueados torna a situação mais caótica nas universidades, diz Andifes | Educação | G1";"NÃO FAKE"
1472;Política;"Estudantes do Instituto Federal de Brasília protestam contra bloqueio de verbas feito pelo MEC | Distrito Federal | G1";"NÃO FAKE"
1472;Educação;"Estudantes do Instituto Federal de Brasília protestam contra bloqueio de verbas feito pelo MEC | Distrito Federal | G1";"NÃO FAKE"
1473;"Saúde e Bem-estar";"Unicamp cancela matrícula de 1.311 alunos em 2022 por falta de comprovação da vacina contra Covid-19 | Educação | G1";"NÃO FAKE"
1473;Educação;"Unicamp cancela matrícula de 1.311 alunos em 2022 por falta de comprovação da vacina contra Covid-19 | Educação | G1";"NÃO FAKE"
1474;"Economia e Negócios";"Não há corte, diz ministro sobre bloqueio de orçamento das Universidades Federais | Educação | G1";"NÃO FAKE"
1474;Educação;"Não há corte, diz ministro sobre bloqueio de orçamento das Universidades Federais | Educação | G1";"NÃO FAKE"
1477;"Economia e Negócios";"Selic estável mantém Brasil na liderança mundial de juros reais | Economia | G1";"NÃO FAKE"
1478;"Economia e Negócios";"Dívida pública recua em setembro de 2022 pelo 3° mês seguido, e fica em R$ 5,75 trilhões | Economia | G1";"NÃO FAKE"
1480;"Economia e Negócios";"Pandemia freia aumento do número de empresas de alto crescimento no Brasil, aponta IBGE | Economia | G1";"NÃO FAKE"
1480;"Saúde e Bem-estar";"Pandemia freia aumento do número de empresas de alto crescimento no Brasil, aponta IBGE | Economia | G1";"NÃO FAKE"
1481;"Economia e Negócios";"Fim de ano no comércio deve ter maior número de vagas temporárias desde 2013, prevê CNC | Trabalho e Carreira | G1";"NÃO FAKE"
1483;"Economia e Negócios";"Concursos públicos e processos seletivos têm oportunidades disponíveis no Oeste Paulista | Presidente Prudente e Região | G1";"NÃO FAKE"
1484;"Economia e Negócios";"Ibovespa fecha em queda pelo 3° pregão seguido, com eleição e balanços corporativos no radar | Economia | G1";"NÃO FAKE"
1486;"Economia e Negócios";"Comércio fecha 2020 com o maior saldo de empresas ativas, mas foi o 2° setor que mais demitiu, aponta IBGE | Economia | G1";"NÃO FAKE"
1488;"Economia e Negócios";"Brasil cria 278 mil empregos formais em setembro de 2022, queda de 15% em relação ao ano passado | Economia | G1";"NÃO FAKE"
1490;"Economia e Negócios";"Preços das passagens aéreas disparam mesmo com recuo no querosene de aviação | Economia | G1";"NÃO FAKE"
1492;"Economia e Negócios";"Santander Brasil registra lucro de R$ 3,12 bilhões no 3° trimestre de 2022 | Economia | G1";"NÃO FAKE"
1499;"Economia e Negócios";"Gente do campo: ex-jogador do Vasco, Marquinhos Pavão dedica vida ao café especial, que o ajudou a superar o luto | Agro de gente pra gente | G1";"NÃO FAKE"
1499;Esporte;"Gente do campo: ex-jogador do Vasco, Marquinhos Pavão dedica vida ao café especial, que o ajudou a superar o luto | Agro de gente pra gente | G1";"NÃO FAKE"
1501;"Economia e Negócios";"Copom (Comitê de Política Monetária) deve manter juros básico estável em 13,75% ao ano, prevê mercado financeiro | Economia | G1";"NÃO FAKE"
1502;"Economia e Negócios";"Senado aprova texto que destrava recursos nos estados para ajudar a custear piso da enfermagem | Política | G1";"NÃO FAKE"
1502;Política;"Senado aprova texto que destrava recursos nos estados para ajudar a custear piso da enfermagem | Política | G1";"NÃO FAKE"
1503;"Economia e Negócios";"BNDES e Ministério da Economia fecham acordo, e banco devolverá R$ 45 bi à União até 30 de novembro de 2022| Economia | G1";"NÃO FAKE"
1504;"Economia e Negócios";"Telefônica Brasil lucra R$ 1,4 bilhão no 3° trimestre de 2022, alta de 9,3% | Economia | G1";"NÃO FAKE"
1505;"Economia e Negócios";"Concurso para cargos na Prefeitura de Presidente Prudente registra mais de 3 mil inscritos | Presidente Prudente e Região | G1";"NÃO FAKE"
1506;"Economia e Negócios";"Auxílio Brasil: Caixa pede prazo maior para liberação do crédito consignado | Economia | G1";"NÃO FAKE"
1507;"Tecnologia e Inovação";"Games, celulares e TVs dominam pesquisas de consumidores antes da Black Friday de 2022; entre populares, Airfryer é queridinha | Economia | G1";"NÃO FAKE"
1507;"Economia e Negócios";"Games, celulares e TVs dominam pesquisas de consumidores antes da Black Friday de 2022; entre populares, Airfryer é queridinha | Economia | G1";"NÃO FAKE"
1509;"Economia e Negócios";"Títulos do Tesouro Nacional nas mãos de pessoas físicas se aproximam de R$ 100 bilhões em setembro de 2022 | Economia | G1";"NÃO FAKE"
1511;"Economia e Negócios";"Produção da Petrobras cai 6,6% no 3° trimestre de 2022; venda de derivados também recua | Economia | G1";"NÃO FAKE"
1512;"Economia e Negócios";"Aneel estima que subsídio à geração própria de energia custará R$ 5,4 bilhões em 2023 | Economia | G1";"NÃO FAKE"
1514;"Economia e Negócios";"Arrecadação federal atinge R$ 166,3 bilhões em setembro de 2022, maior valor para o mês em 28 anos | Economia | G1";"NÃO FAKE"
1516;"Tecnologia e Inovação";"Cientistas alcançam dentro de laboratório temperatura mais baixa já registrada no universo - Notícias - R7 Tecnologia e Ciência";"NÃO FAKE"
1516;Ciência;"Cientistas alcançam dentro de laboratório temperatura mais baixa já registrada no universo - Notícias - R7 Tecnologia e Ciência";"NÃO FAKE"
1518;"Economia e Negócios";"Jovem captura 28 serpentes e vence caçada a cobras invasoras na Flórida - Fotos - R7 Hora 7";"NÃO FAKE"
1518;Internacional;"Jovem captura 28 serpentes e vence caçada a cobras invasoras na Flórida - Fotos - R7 Hora 7";"NÃO FAKE"
1523;"Economia e Negócios";"Inadimplência nos pequenos negócios atinge menor nível da história - Notícias - R7 Economia";"NÃO FAKE"
1524;"Segurança e Justiça";"Uber vai permitir que motoristas gravem corridas usando a câmera do celular; teste começa no Brasil | Tecnologia | G1";"NÃO FAKE"
1524;"Tecnologia e Inovação";"Uber vai permitir que motoristas gravem corridas usando a câmera do celular; teste começa no Brasil | Tecnologia | G1";"NÃO FAKE"
1525;"Economia e Negócios";"Mark Zuckerberg perde mais de US$ 100 bilhões em um ano e despenca em listas de bilionários | Economia | G1";"NÃO FAKE"
1525;"Mídia, Informação e Redes Sociais";"Mark Zuckerberg perde mais de US$ 100 bilhões em um ano e despenca em listas de bilionários | Economia | G1";"NÃO FAKE"
1527;"Economia e Negócios";"As vésperas do fim do prazo, Elon Musk diz ter comprado Twitter; Empresa ainda não se manifestou | Tecnologia | G1";"NÃO FAKE"
1527;"Tecnologia e Inovação";"As vésperas do fim do prazo, Elon Musk diz ter comprado Twitter; Empresa ainda não se manifestou | Tecnologia | G1";"NÃO FAKE"
1529;"Tecnologia e Inovação";"Waze disponibiliza voz de zumbi para motoristas no Halloween | Tecnologia | G1.";"NÃO FAKE"
1529;"Mídia, Informação e Redes Sociais";"Waze disponibiliza voz de zumbi para motoristas no Halloween | Tecnologia | G1.";"NÃO FAKE"
1535;Educação;"EPTV lança conteúdo exclusivo por WhatsApp sobre vestibular da Unicamp. | Educação | G1.";"NÃO FAKE"
1535;"Mídia, Informação e Redes Sociais";"EPTV lança conteúdo exclusivo por WhatsApp sobre vestibular da Unicamp. | Educação | G1.";"NÃO FAKE"
1536;"Saúde e Bem-estar";"Escola de Saúde Pública da PB inscreve em mais de 1,7 mil vagas para cursos de especialização e qualificação | Paraíba | G1";"NÃO FAKE"
1536;Educação;"Escola de Saúde Pública da PB inscreve em mais de 1,7 mil vagas para cursos de especialização e qualificação | Paraíba | G1";"NÃO FAKE"
1538;"Economia e Negócios";"Vale tem lucro de R$ 23,3 bilhões no terceiro trimestre de 2022. | Economia | G1";"NÃO FAKE"
1540;"Economia e Negócios";"Contas do governo têm superávit de R$ 10,9 bilhões em setembro, melhor resultado para o mês em 12 anos | Economia | G1";"NÃO FAKE"
1541;"Saúde e Bem-estar";"Fruta mofada: cortar pedaço ruim e comer o resto faz mal. | Agronegócios | G1";"NÃO FAKE"
1542;"Economia e Negócios";"Salário mínimo: Desindexar da inflação e novas regras de cálculo | Eleições 2022 | G1";"NÃO FAKE"
1544;"Economia e Negócios";"PIB dos EUA cresce 2,6% no 3° trimestre de 2022, impulsionado por comércio | Economia | G1";"NÃO FAKE"
1544;Internacional;"PIB dos EUA cresce 2,6% no 3° trimestre de 2022, impulsionado por comércio | Economia | G1";"NÃO FAKE"
1546;"Economia e Negócios";"Juros médio cobrado pelos bancos tem queda de 0,2% em setembro de 2022, revela Banco Central | Economia | G1";"NÃO FAKE"
1547;"Economia e Negócios";"Banco Central europeu eleva a taxa de juros em 0,75 ponto percentual | Economia | G1";"NÃO FAKE"
1548;"Economia e Negócios";"Gol reduz prejuízo no 3° trimestre de 2022, com receita operacional recorde | Economia | G1";"NÃO FAKE"
1549;"Economia e Negócios";"Ambev tem lucro líquido acima do esperado no 3° trimestre de 2022 | Economia | G1";"NÃO FAKE"
1550;"Economia e Negócios";"Dólar cai aos R$ 5,30 após Copom (Comitê de Política Monetária) manter Selic em 13,75% ao ano | Economia | G1";"NÃO FAKE"
1551;"Economia e Negócios";"Desemprego recua para 8,7% no terceiro trimestre de 2022, com novo recorde de trabalhadores sem carteira assinada | Economia | G1";"NÃO FAKE"
1552;"Economia e Negócios";"Confiança da indústria cai 3,8 pontos em outubro de 2022, segundo mês consecutivo de queda | Economia | G1";"NÃO FAKE"
1553;"Economia e Negócios";"Creditocracia: como endividamento em massa corrói democracia e cria servidão, segundo pesquisador | Economia | G1";"NÃO FAKE"
1554;"Economia e Negócios";"Gasolina voltou a subir apesar dos atrasos da Petrobras em reajustar preços | Economia | G1";"NÃO FAKE"
1561;"Economia e Negócios";"Bares e restaurantes terão ajuda com nova linha de crédito no ES - Cidades - R7 Folha Vitória";"NÃO FAKE"
1562;"Saúde e Bem-estar";"Exercício físico é importante, mas praticá-lo sem preparação prévia pode ser perigoso - Record News - R7 Estúdio News";"NÃO FAKE"
1563;"Tecnologia e Inovação";"Apple terá que adotar entrada USB-C para seus eletrônicos a partir de 2024.";"NÃO FAKE"
1566;"Segurança e Justiça";"Polícia procura suspeito de tentar estuprar mulher em Ceilândia - Brasília - R7 Cidade Alerta DF";"NÃO FAKE"
1567;"Segurança e Justiça";"Agência de Energia Atômica anuncia que irá verificar suposta bomba suja fabricada na Ucrânia - Notícias - R7 Internacional";"NÃO FAKE"
1567;Internacional;"Agência de Energia Atômica anuncia que irá verificar suposta bomba suja fabricada na Ucrânia - Notícias - R7 Internacional";"NÃO FAKE"
1570;Educação;"Nós saímos de 3,5 milhões de estudantes na universidade pra 8,5 milhões.";"NÃO FAKE"
1571;"Saúde e Bem-estar";"O Brasil tem três por cento da população mundial. Entretanto, o Brasil tem 11% das vítimas de Covid. Ou seja, três vezes mais do que a média - SENADO.";"NÃO FAKE"
1573;"Tecnologia e Inovação";"Usuários do Twitter testam os limites da rede na era Musk | Tecnologia | G1";"NÃO FAKE"
1573;"Mídia, Informação e Redes Sociais";"Usuários do Twitter testam os limites da rede na era Musk | Tecnologia | G1";"NÃO FAKE"
1574;"Tecnologia e Inovação";"Usuários do Tinder se dividem sobre querer saber ou não opinião política do match | Tecnologia | G1";"NÃO FAKE"
1574;"Mídia, Informação e Redes Sociais";"Usuários do Tinder se dividem sobre querer saber ou não opinião política do match | Tecnologia | G1";"NÃO FAKE"
1576;"Tecnologia e Inovação";"Musk diz que Twitter terá conselho para decidir sobre moderação de conteúdo | Tecnologia | G1";"NÃO FAKE"
1576;"Mídia, Informação e Redes Sociais";"Musk diz que Twitter terá conselho para decidir sobre moderação de conteúdo | Tecnologia | G1";"NÃO FAKE"
1577;"Tecnologia e Inovação";"O rapper Kanye West (também conhecido como Ye) teve sua conta restabelecida no Twitter, um dia após Elon Musk indicar que concluiu a compra da rede social. | G1";"NÃO FAKE"
1577;"Mídia, Informação e Redes Sociais";"O rapper Kanye West (também conhecido como Ye) teve sua conta restabelecida no Twitter, um dia após Elon Musk indicar que concluiu a compra da rede social. | G1";"NÃO FAKE"
1579;"Tecnologia e Inovação";" Publicado em 28/10/2022 . Elon Musk e Twitter: a cronologia da primeira negociação até a compra da rede social | Tecnologia | G1";"NÃO FAKE"
1579;"Mídia, Informação e Redes Sociais";" Publicado em 28/10/2022 . Elon Musk e Twitter: a cronologia da primeira negociação até a compra da rede social | Tecnologia | G1";"NÃO FAKE"
1580;"Tecnologia e Inovação";"Musk já havia usado emoji de cocô em discussão com ex-chefe do Twitter, já demitido atualmente | Tecnologia | G1";"NÃO FAKE"
1580;"Mídia, Informação e Redes Sociais";"Musk já havia usado emoji de cocô em discussão com ex-chefe do Twitter, já demitido atualmente | Tecnologia | G1";"NÃO FAKE"
1581;"Tecnologia e Inovação";"Trump diz estar feliz por aquisição do Twitter por Elon Musk | Tecnologia | G1";"NÃO FAKE"
1581;Internacional;"Trump diz estar feliz por aquisição do Twitter por Elon Musk | Tecnologia | G1";"NÃO FAKE"
1582;"Mídia, Informação e Redes Sociais";"Temperatura aumenta nos grupos de família no WhatsApp na reta final da eleição | Eleições 2022 | G1.";"NÃO FAKE"
1582;Política;"Temperatura aumenta nos grupos de família no WhatsApp na reta final da eleição | Eleições 2022 | G1.";"NÃO FAKE"
1583;"Tecnologia e Inovação";"O pássaro foi libertado, diz Elon Musk após comprar Twitter | Tecnologia | G1";"NÃO FAKE"
1583;"Mídia, Informação e Redes Sociais";"O pássaro foi libertado, diz Elon Musk após comprar Twitter | Tecnologia | G1";"NÃO FAKE"
1584;"Tecnologia e Inovação";"28 de out. 2022. Google, Facebook e Microsoft, as big techs, vivem mau momento no mercado de ações | Tecnologia | G1";"NÃO FAKE"
1584;"Economia e Negócios";"28 de out. 2022. Google, Facebook e Microsoft, as big techs, vivem mau momento no mercado de ações | Tecnologia | G1";"NÃO FAKE"
1586;"Tecnologia e Inovação";"Musk conclui compra do Twitter; presidente e diretores foram demitidos, diz agência | Tecnologia | G1";"NÃO FAKE"
1586;"Economia e Negócios";"Musk conclui compra do Twitter; presidente e diretores foram demitidos, diz agência | Tecnologia | G1";"NÃO FAKE"
1588;Educação;"Enem tem folha de rascunho para a redação. Aluna Nota Mil dá dicas de como achar espaço para anotações durante a prova | Enem 2022 | G1";"NÃO FAKE"
1591;Educação;"Enem 2022: veja tópicos que costumam cair na prova de linguagens | Enem 2022 | G1";"NÃO FAKE"
1592;"Economia e Negócios";"Projeto leva apoio técnico gratuito para pequenos produtores de laranja | Globo Rural | G1";"NÃO FAKE"
1594;"Economia e Negócios";"Seca prejudica produção de leite, café, frutas e grãos no Espírito Santo | Globo Rural | G1";"NÃO FAKE"
1595;"Economia e Negócios";"Pesquisadores desvendam o DNA do bicho mineiro, principal praga das lavouras de café | Globo Rural | G1";"NÃO FAKE"
1597;"Economia e Negócios";"Auxílio caminhoneiro: motoristas podem fazer autodeclaração até o dia 7 de novembro de 2022 | Economia | G1";"NÃO FAKE"
1598;"Sociedade e Comportamento";"Velho aos 30: Um em cada quatro profissionais que já sofreram preconceito de idade são trintões | Trabalho e Carreira | G1";"NÃO FAKE"
1600;"Saúde e Bem-estar";"Licença-maternidade começa a contar a partir da alta hospitalar da mãe ou do bebê | Economia | G1";"NÃO FAKE"
1601;"Economia e Negócios";"IR 2022: Receita vai liberar lote residual de restituição nesta segunda; veja se está no grupo | Imposto de Renda | G1";"NÃO FAKE"
1602;"Economia e Negócios";"Eletrobras anuncia 1 plano de demissão voluntária após privatização; custo será de R$ 1 bilhão | Economia | G1";"NÃO FAKE"
1603;"Economia e Negócios";"Petrobras anuncia descoberta de óleo em poço pioneiro no pré-sal da Bacia de Santos | Economia | G1";"NÃO FAKE"
1604;"Economia e Negócios";"Conta de luz permanece sem cobrança extra em novembro, diz Aneel | Economia | G1";"NÃO FAKE"
1605;"Economia e Negócios";"Datafolha: 24% dos brasileiros dizem não ter comida suficiente em casa | Economia | G1";"NÃO FAKE"
1606;"Economia e Negócios";"Consórcio Forte abre 25 vagas de emprego em Fernando de Noronha; saiba como se inscrever | Viver Noronha | G1";"NÃO FAKE"
1607;"Economia e Negócios";"Datafolha: otimismo com a economia é o maior desde 2015 | Economia | G1";"NÃO FAKE"
1608;"Economia e Negócios";"Como cultivar uva: cartilha traz dicas do plantio à colheita | Globo Rural | G1";"NÃO FAKE"
1609;"Economia e Negócios";"Empresa de RO investe mais de R$ 10 mil em cafés de qualidade durante leilão da Abic | Rondônia Rural | G1";"NÃO FAKE"
1610;"Economia e Negócios";"Ibovespa fecha com ligeira queda no último pregão antes do 2 turno | Economia | G1";"NÃO FAKE"
1611;"Economia e Negócios";"Governo da BA assina protocolo com BYD para instalação de fábricas de carros elétricos; investimento será de R$ 3 bilhões | Bahia | G1";"NÃO FAKE"
1612;"Economia e Negócios";"Dólar fecha em leve queda antes do segundo turno das eleições | Economia | G1.";"NÃO FAKE"
1612;Política;"Dólar fecha em leve queda antes do segundo turno das eleições | Economia | G1.";"NÃO FAKE"
1613;"Economia e Negócios";"Como funciona o processo de herança  e quem tem direito a ela | Economia | G1";"NÃO FAKE"
1614;"Economia e Negócios";"Economia da França tem crescimento modesto no 3 tri e inflação atinge recorde | Economia | G1";"NÃO FAKE"
1614;Internacional;"Economia da França tem crescimento modesto no 3 tri e inflação atinge recorde | Economia | G1";"NÃO FAKE"
1615;"Economia e Negócios";"Economia da Alemanha registra crescimento inesperado no 3 tri de 2022| Economia | G1";"NÃO FAKE"
1615;Internacional;"Economia da Alemanha registra crescimento inesperado no 3 tri de 2022| Economia | G1";"NÃO FAKE"
1616;"Economia e Negócios";"Confiança do comércio cai 3,8 pontos, e de serviços, 2,6 pontos, indicando desaceleração dos setores, diz FGV | Economia | G1";"NÃO FAKE"
1617;"Economia e Negócios";"Inflação do aluguel: IGP-M fica em -0,97% em outubro | Economia | G1";"NÃO FAKE"
1618;"Economia e Negócios";"Inflação dos lanches da Copa: por que ficaram mais caros os sanduíches inspirados nas seleções | Economia | G1.";"NÃO FAKE"
1618;Esporte;"Inflação dos lanches da Copa: por que ficaram mais caros os sanduíches inspirados nas seleções | Economia | G1.";"NÃO FAKE"
1619;"Economia e Negócios";"Agências do INSS não abrem nesta sexta-feira | Economia | G1";"NÃO FAKE"
1621;"Economia e Negócios";"Inscrições no concurso para o CFO 2023 dos Bombeiros da PB terminam nesta sexta-feira 28 | Paraíba | G1";"NÃO FAKE"
1622;"Economia e Negócios";"Consignado do Auxílio Brasil: teve o empréstimo negado. Veja o que fazer | Economia | G1";"NÃO FAKE"
1623;"Economia e Negócios";"Vagas de emprego disponíveis em Petrolina, Salgueiro e Araripina nesta sexta-feira 28 | Petrolina e Região | G1";"NÃO FAKE"
1626;"Tecnologia e Inovação";"Upfront 2023: Globo apresenta oportunidades e inovações em formatos, e novidades na programação | Midia e Marketing | G1";"NÃO FAKE"
1626;"Mídia, Informação e Redes Sociais";"Upfront 2023: Globo apresenta oportunidades e inovações em formatos, e novidades na programação | Midia e Marketing | G1";"NÃO FAKE"
1627;"Economia e Negócios";"Governo propõe rescisão dos contratos das usinas do leilão emergencial de energia | Economia | G1";"NÃO FAKE"
1630;"Economia e Negócios";"Praça recém-revitalizada em Florianópolis já precisa de manutenção | ND Mais";"NÃO FAKE"
1638;"Tecnologia e Inovação";"Após ser comprado por Musk, Twitter planeja cobrar por selo de verificado | Tecnologia | G1";"NÃO FAKE"
1638;"Mídia, Informação e Redes Sociais";"Após ser comprado por Musk, Twitter planeja cobrar por selo de verificado | Tecnologia | G1";"NÃO FAKE"
1639;"Tecnologia e Inovação";"Instagram afirma que resolveu bug de contas suspensas | Tecnologia | G1";"NÃO FAKE"
1639;"Mídia, Informação e Redes Sociais";"Instagram afirma que resolveu bug de contas suspensas | Tecnologia | G1";"NÃO FAKE"
1642;"Mídia, Informação e Redes Sociais";"Famosos perdem milhares de seguidores com falha no Instagram | Tecnologia | G1";"NÃO FAKE"
1642;"Tecnologia e Inovação";"Famosos perdem milhares de seguidores com falha no Instagram | Tecnologia | G1";"NÃO FAKE"
1643;"Tecnologia e Inovação";"Usuários de vários países dizem que suas contas do Instagram foram suspensas pela plataforma | Tecnologia | G1";"NÃO FAKE"
1643;"Mídia, Informação e Redes Sociais";"Usuários de vários países dizem que suas contas do Instagram foram suspensas pela plataforma | Tecnologia | G1";"NÃO FAKE"
1645;Educação;"Ufac abre mais de 1,8 mil vagas no Sisu em 44 cursos em Rio Branco e Cruzeiro do Sul | Acre | G1";"NÃO FAKE"
1646;"Economia e Negócios";"Petrobras destoa do pregão e perde R$ 34 bilhões em valor de mercado nesta segunda, com a vitória de Lula | Economia | G1";"NÃO FAKE"
1647;"Economia e Negócios";"Preços da gasolina sobem pela terceira semana seguida, diz ANP | Economia | G1";"NÃO FAKE"
1648;"Economia e Negócios";"TCU diz que parecer da área técnica sobre privatização do Porto de Santos fica pronto até o dia 6 de novembro de 2022 | Economia | G1";"NÃO FAKE"
1650;"Economia e Negócios";"BC e Febraban lançam campanha de renegociação e orientação financeira | Economia | G1";"NÃO FAKE"
1651;"Economia e Negócios";"Opep prevê crescimento da demanda mundial de petróleo até 2035 | Economia | G1";"NÃO FAKE"
1652;"Economia e Negócios";"Fed deve anunciar outro grande aumento de juros e debater desaceleração para dezembro | Economia | G1";"NÃO FAKE"
1653;"Economia e Negócios";"Salário mínimo, endividamento, distribuição de renda e tabela do IR: lembre as promessas de Lula na economia | Economia | G1";"NÃO FAKE"
1654;"Economia e Negócios";"Incerteza da Economia sobe 0,3 ponto em outubro influenciada pela disputa eleitoral do 2 turno, aponta FGV Ibre | Economia | G1";"NÃO FAKE"
1656;"Economia e Negócios";"Petrobras confirma presença de petróleo na área coparticipada de Sépia | Economia | G1";"NÃO FAKE"
1657;"Economia e Negócios";"Ibovespa fecha em alta mesmo com pressão sobre Petrobras após vitória de Lula | Economia | G1";"NÃO FAKE"
1658;"Economia e Negócios";"Contas públicas têm superávit de R$ 10,7 bi em setembro e dívida é a menor desde março de 2020 | Economia | G1";"NÃO FAKE"
1659;"Economia e Negócios";"Alto Tietê reúne mais de 620 oportunidades de emprego nesta segunda-feira, 05 de novembro de 2022. | Concursos e emprego em Mogi das Cruzes e Suzano | G1";"NÃO FAKE"
1660;"Economia e Negócios";"Dólar fecha em queda no primeiro pregão após vitória de Lula | Economia | G1";"NÃO FAKE"
1661;"Economia e Negócios";"Após 17 semanas de queda, mercado eleva estimativa para a inflação em 2022 | Economia | G1";"NÃO FAKE"
1662;"Economia e Negócios";"Inflação da zona do euro supera expectativa e atinge novo recorde | Economia | G1";"NÃO FAKE"
1663;"Economia e Negócios";"Região de Campinas disponibiliza 2.052 vagas de emprego em 15 cidades | Concursos e emprego em Campinas e região | G1";"NÃO FAKE"
1678;"Tecnologia e Inovação";"OnlyFans atinge US$ 10 bilhões em repasse para criadores em meio a denúncia sobre exploração infantil | Tecnologia | G1";"NÃO FAKE"
1678;"Mídia, Informação e Redes Sociais";"OnlyFans atinge US$ 10 bilhões em repasse para criadores em meio a denúncia sobre exploração infantil | Tecnologia | G1";"NÃO FAKE"
1679;"Tecnologia e Inovação";"Twitter não vai restabelecer usuários banidos sem processo claro, diz Musk | Tecnologia | G1";"NÃO FAKE"
1679;"Mídia, Informação e Redes Sociais";"Twitter não vai restabelecer usuários banidos sem processo claro, diz Musk | Tecnologia | G1";"NÃO FAKE"
1681;"Tecnologia e Inovação";"Selo de verificado do Twitter deve custar US$ 8 por mês, anuncia Elon Musk | Tecnologia | G1";"NÃO FAKE"
1681;"Mídia, Informação e Redes Sociais";"Selo de verificado do Twitter deve custar US$ 8 por mês, anuncia Elon Musk | Tecnologia | G1";"NÃO FAKE"
1682;"Tecnologia e Inovação";"Elon Musk anuncia que agora é o presidente-executivo do Twitter | Tecnologia | G1";"NÃO FAKE"
1682;"Mídia, Informação e Redes Sociais";"Elon Musk anuncia que agora é o presidente-executivo do Twitter | Tecnologia | G1";"NÃO FAKE"
1683;"Segurança e Justiça";"A fuga desesperada de funcionários da Apple fechados em fábrica por lockdown anti-covid na China | Tecnologia | G1";"NÃO FAKE"
1684;Educação;"Quase 29 mil estudantes se inscreveram para a rede pública do DF em 2023; são 2,4 mil alunos a mais | Distrito Federal | G1";"NÃO FAKE"
1685;"Saúde e Bem-estar";"Tensão Pré-Enem: Médico ensina técnicas rápidas de concentração e relaxamento | Enem 2022 | G1.";"NÃO FAKE"
1685;Educação;"Tensão Pré-Enem: Médico ensina técnicas rápidas de concentração e relaxamento | Enem 2022 | G1.";"NÃO FAKE"
1687;"Economia e Negócios";"O impacto dos bloqueios ilegais nas rodovias: Queda de oferta em mercados, viagens canceladas, ovos para vacina perdidos | Economia | G1";"NÃO FAKE"
1689;"Economia e Negócios";"Pequenos negócios ganham novo prazo para renegociar dívidas ativas da União | Empreendedorismo | G1";"NÃO FAKE"
1691;"Economia e Negócios";"Auxílio Brasil de R$ 600, desoneração de combustíveis, isenção do IR: desafios de Lula no Orçamento chegam a R$ 175 bilhões | De olho no orçamento | G1";"NÃO FAKE"
1692;"Economia e Negócios";"Problemas de abastecimento afetam mais de 70% dos supermercados em pelo menos 7 estados e DF, diz Abras | Economia | G1";"NÃO FAKE"
1695;"Economia e Negócios";"Ibovespa tem maior alta no primeiro dia pós-eleição desde 1994 | Economia | G1";"NÃO FAKE"
1697;"Economia e Negócios";"Balança comercial registra saldo positivo de US$ 3,9 bilhões em outubro de 2022 | Economia | G1";"NÃO FAKE"
1698;"Economia e Negócios";"Carne moída: novas regras de produção e venda entram em vigor a partir de novembro de 2022 | Agronegócios | G1";"NÃO FAKE"
1701;"Economia e Negócios";"Petrobras recupera mais R$ 439 milhões com acordos de leniência e colaboração da Lava Jato | Economia | G1";"NÃO FAKE"
1704;"Economia e Negócios";"Censo 2022: com menos da metade dos recenseadores necessários em campo, quase 64% da população já foi recenseada, diz IBGE | Economia | G1";"NÃO FAKE"
1707;"Economia e Negócios";"Produção industrial cai 0,7% em setembro [de 2022], aponta IBGE | Economia | G1";"NÃO FAKE"
1708;"Economia e Negócios";"Feirão Serasa Limpa Nome: com PIX e 267 empresas participantes | Economia | G1";"NÃO FAKE"
1709;"Economia e Negócios";"Banco Central eleva estimativa de inflação em 2023 para 4,8% e passa a prever estouro do teto | Economia | G1";"NÃO FAKE"
1719;Esporte;"Palmeiras conquista 11 título do Campeonato Brasileiro após derrota do Internacional - Notícias - R7 JR na TV";"NÃO FAKE"
1723;"Segurança e Justiça";"Caso Henry Borel: Justiça define que Doutor Jairinho e Monique Medeiros vão a júri popular - Notícias - R7 JR na TV";"NÃO FAKE"
1724;"Economia e Negócios";"O Sindicom, que representa as principais distribuidoras de combustíveis no Brasil, enviou ofício ao governo federal apontando riscos ao abastecimento nacional de combustíveis e pedindo que sejam tomadas providências para que a Petrobras retome os leilões de diesel e gasolina, que foram cancelados nesta semana. Fonte: CNN , 20/03/2026.";"NÃO FAKE"
1726;"Tecnologia e Inovação";"Blue Origin, de Jeff Bezos, completa seu 6º voo espacial tripulado. Empresa do fundador da Amazon levou mais seis turistas ao espaço em voo suborbital de 10 minutos. Por France Presse  | Inovação | G1.";"NÃO FAKE"
1727;"Sociedade e Comportamento";"A Visa será processada por vídeo de pornografia infantil publicado no Pornhub. Serena Fleites  alega que a Visa, ao processar a receita de anúncios, foi cúmplice da MindGeek, empresa controladora do Pornhub, para ganhar dinheiro com os vídeos do abuso sofrido por ela.   Tecnologia | G1.";"NÃO FAKE"
1727;"Tecnologia e Inovação";"A Visa será processada por vídeo de pornografia infantil publicado no Pornhub. Serena Fleites  alega que a Visa, ao processar a receita de anúncios, foi cúmplice da MindGeek, empresa controladora do Pornhub, para ganhar dinheiro com os vídeos do abuso sofrido por ela.   Tecnologia | G1.";"NÃO FAKE"
1728;"Mídia, Informação e Redes Sociais";"Aplicativos com vírus estavam disponíveis na Play Store, da Google, e eram anunciados no Facebook | Tecnologia | G1";"NÃO FAKE"
1728;"Tecnologia e Inovação";"Aplicativos com vírus estavam disponíveis na Play Store, da Google, e eram anunciados no Facebook | Tecnologia | G1";"NÃO FAKE"
1729;"Economia e Negócios";"Bitcoin: o homem que quer escavar aterro em busca de HD jogado no lixo com R$ 1,1 bilhão em criptomoeda | Tecnologia | G1";"NÃO FAKE"
1729;"Tecnologia e Inovação";"Bitcoin: o homem que quer escavar aterro em busca de HD jogado no lixo com R$ 1,1 bilhão em criptomoeda | Tecnologia | G1";"NÃO FAKE"
1730;"Saúde e Bem-estar";"Com média acima da mundial, 28% dos jovens brasileiros fazem uso abusivo de videogames, diz pesquisa da USP | Saúde | G1";"NÃO FAKE"
1730;"Sociedade e Comportamento";"Com média acima da mundial, 28% dos jovens brasileiros fazem uso abusivo de videogames, diz pesquisa da USP | Saúde | G1";"NÃO FAKE"
1731;"Economia e Negócios";"Dá para aprender sobre criptomoeda e metaverso num bar  | Economia | G1";"NÃO FAKE"
1732;"Tecnologia e Inovação";"5G Standalone ou SA começa a ser disponibilizado e deverá viabilizar avanços na indústria, telemedicina, carros autônomos, etc. Mas quem vai predominar por enquanto é outro tipo de 5G, que traz mais rapidez à navegação, mas não revoluciona. Portal G1 | Ago, 2022.";"NÃO FAKE"
1733;"Tecnologia e Inovação";"Starlink: Elon Musk está lançando milhares de satélites na órbita da Terra | Tecnologia | G1";"NÃO FAKE"
1772;"Saúde e Bem-estar";"Publicado em 06/11/2025. Uma receita incrível com cebola e Coca-Cola promete curar gripes greves. Notícia:  ""Misture Coca-Cola com cebola e você nunca mais precisará de outro remédio. Isso mesmo. Se você tem entre 20 e 70 anos, este vídeo é para você. Vamos começar cortando uma cebola roxa. Em uma panela, coloque a cebola picada. Em seguida, adicione a Coca-Cola. Deixe ferver e cozinhe em fogo baixo por cerca de 5 minutos. Tome todas as noites antes de dormir para combater a gripe de forma rápida e eficaz"".";FAKE
1773;Educação;"Publicado em 18/08/25. “A História está sendo escrita diante dos olhos da geração que fará o Enem 2025. Enchentes no Sul, conflitos internacionais, mudanças climáticas, protestos estudantis e marcos importantes na política e na sociedade. O estudante que tem um olhar atento ao mundo amplia seu repertório e ganha vantagem em provas como o Enem, que valorizam a contextualização e a análise crítica dos acontecimentos”.";"NÃO FAKE"
1778;"Cidades e Cotidiano";"Um homem de uma comunidade tribal no estado de Odisha, no leste da Índia, levou os restos mortais da irmã a uma agência bancária para levantar as suas poupanças, depois de o banco se ter recusado a conceder-lhe acesso aos fundos. Lusa / SIC Notícias, 28 abr.2026.";"NÃO FAKE"
1778;"Economia e Negócios";"Um homem de uma comunidade tribal no estado de Odisha, no leste da Índia, levou os restos mortais da irmã a uma agência bancária para levantar as suas poupanças, depois de o banco se ter recusado a conceder-lhe acesso aos fundos. Lusa / SIC Notícias, 28 abr.2026.";"NÃO FAKE"
1778;"Sociedade e Comportamento";"Um homem de uma comunidade tribal no estado de Odisha, no leste da Índia, levou os restos mortais da irmã a uma agência bancária para levantar as suas poupanças, depois de o banco se ter recusado a conceder-lhe acesso aos fundos. Lusa / SIC Notícias, 28 abr.2026.";"NÃO FAKE"
1779;"Meio Ambiente e Clima";"Guiado pelo canto de uma ave rara, de hábitos discretos e especialista em fugir,  o biólogo Ricardo Plácido encerrou uma espera de sete anos e conseguiu fazer o primeiro registro fotográfico e em vídeo do tovacuçu-xodó no último dia 9/01/2025. Pássaro da Amazônia que habita regiões do Acre, Amazonas e Peru.";"NÃO FAKE"
1781;"Meio Ambiente e Clima";"O canto do tovacuçu-xodó: Ave rara é flagrada por biólogo em área de conservação do AC. Guiado pelo canto de uma ave rara, de hábitos discretos e especialista em fugir. Assim o biólogo Ricardo Plácido encerrou uma espera de sete anos e conseguiu fazer o primeiro registro fotográfico e em vídeo do tovacuçu-xodó, pássaro da Amazônia que habita regiões do Acre, Amazonas e Peru, no último dia 9/01/2025. G1/Amazônia.";"NÃO FAKE"
1781;Educação;"O canto do tovacuçu-xodó: Ave rara é flagrada por biólogo em área de conservação do AC. Guiado pelo canto de uma ave rara, de hábitos discretos e especialista em fugir. Assim o biólogo Ricardo Plácido encerrou uma espera de sete anos e conseguiu fazer o primeiro registro fotográfico e em vídeo do tovacuçu-xodó, pássaro da Amazônia que habita regiões do Acre, Amazonas e Peru, no último dia 9/01/2025. G1/Amazônia.";"NÃO FAKE"
1783;"Meio Ambiente e Clima";"Moradores de diferentes bairros de Rio Claro (SP) têm reclamado de um cheiro muito forte que aparece em alguns períodos do dia e tem causado preocupação. Segundo relatos, o odor causa dor de cabeça, ardência nos olhos e até dificuldade para respirar, obrigando a manter portas e janelas fechadas. 28/04/2026. G1/ São Carlos e Araraquara.";"NÃO FAKE"
1783;"Cidades e Cotidiano";"Moradores de diferentes bairros de Rio Claro (SP) têm reclamado de um cheiro muito forte que aparece em alguns períodos do dia e tem causado preocupação. Segundo relatos, o odor causa dor de cabeça, ardência nos olhos e até dificuldade para respirar, obrigando a manter portas e janelas fechadas. 28/04/2026. G1/ São Carlos e Araraquara.";"NÃO FAKE"
1786;"Meio Ambiente e Clima";"Áreas agricultáveis aumentam em ritmo acelerado, ameaçando áreas de preservação.";FAKE
1793;"Meio Ambiente e Clima";"O Brasil não tem controle sobre o comércio de madeira da Amazônia.";FAKE
1795;"Meio Ambiente e Clima";"O Brasil alinha ações com a comunidade internacional na questão amazônica. Brasil e Estados Unidos atuam em conjunto no combate aos crimes ambientais, bloqueando o uso dos sistemas internacionais associados a atividades ilegais. Como exemplo de cooperação, o projeto Floresta+ Amazônia reúne o Ministério do Meio Ambiente (MMA) e o Programa das Nações Unidas para o Desenvolvimento (PNUD) no incentivo e remuneração de ações que recuperem a vegetação nativa e contribuam para a redução de emissões de gases de efeito estufa. Portal Gov.br/ Serviços e Informações do Brasil.";"NÃO FAKE"
1796;"Meio Ambiente e Clima";"Desmatamento na Amazônia. Segundo dados do Prodes, de agosto de 2022 a julho de 2023, a Amazônia perdeu 9.001 Km², uma área de floresta de tamanho equivalente a 7,5 vezes a cidade do Rio de Janeiro. Greenpeace Brasil, Nov., 2023.";"NÃO FAKE"
1797;"Meio Ambiente e Clima";"Brasil vive pior momento em número de queimadas florestais.  Foi em 2010 que o Brasil registrou a maior quantidade de incêndios florestais. Nesse ano, foram quebrados dois recordes na série histórica, iniciada em 1998: o de acumulado anual com a maior quantidade de queimadas e de mês com mais focos. Ao longo de 2010, foram catalogados 7.291 focos de queimadas em áreas verdes por todo o país. Somente em agosto, foram 2.444 focos de incêndio detectados por satélites do Instituto Nacional de Pesquisas Espaciais (INPE).  ";FAKE
1800;Esporte;"Envie para o maior número possível de pessoas: O holograma do Pelé jogou uma partida no estágio Maracanã. Divulgue.";FAKE
1801;"Meio Ambiente e Clima";"Governo do Brasil anuncia aporte de R$ 350 milhões do Fundo Amazônia para inovação na Amazônia Legal. Lançado junto ao Plano Nacional de Desenvolvimento da Bioeconomia, pacote mira em desenvolvimento sustentável, ciência e fortalecimento de cadeias produtivas na região. Agência Gov, Abr.2026.";"NÃO FAKE"
1801;"Tecnologia e Inovação";"Governo do Brasil anuncia aporte de R$ 350 milhões do Fundo Amazônia para inovação na Amazônia Legal. Lançado junto ao Plano Nacional de Desenvolvimento da Bioeconomia, pacote mira em desenvolvimento sustentável, ciência e fortalecimento de cadeias produtivas na região. Agência Gov, Abr.2026.";"NÃO FAKE"
1802;Esporte;"Ministérios do Esporte e do Planejamento discutem ações para ampliar investimentos no esporte brasileiro. Reunião entre os ministros Paulo Henrique Cordeiro e Bruno Moretti alinhou ações estratégicas para ampliar investimentos no esporte brasileiro. Agência Gov | Via MEsp. Mai.,2026.";"NÃO FAKE"
1803;"Tecnologia e Inovação";"AGU notifica big techs para cooperação no combate a fraudes com o Novo Desenrola. Google, Meta, Tiktok, Kwai e Microsoft foram notificados para tomar providências em relação a serviços de publicidade, correio eletrônico e lojas de aplicativos. Agência Gov | via AGU. Mai., 2026.
";"NÃO FAKE"
1803;"Economia e Negócios";"AGU notifica big techs para cooperação no combate a fraudes com o Novo Desenrola. Google, Meta, Tiktok, Kwai e Microsoft foram notificados para tomar providências em relação a serviços de publicidade, correio eletrônico e lojas de aplicativos. Agência Gov | via AGU. Mai., 2026.
";"NÃO FAKE"
1804;Esporte;"Profecia de Pelé para 2026: Em vídeo há décadas Pelé deu essa declaração, que voltou a viralizar:  ""Pelé profetizou o hexa da seleção com Neymar... ""[...]. Redação, G1, Fato ou Fake. Mai.2026.";FAKE
1805;Esporte;"A fabricação de produtos de Adidas, Nike e Umbro vai ser transferida do Brasil para o Paraguai [...]. Por Redação, G1, Fato ou Fake. Mai.2026.";FAKE
1805;"Economia e Negócios";"A fabricação de produtos de Adidas, Nike e Umbro vai ser transferida do Brasil para o Paraguai [...]. Por Redação, G1, Fato ou Fake. Mai.2026.";FAKE
1806;"Saúde e Bem-estar";"Xororó recomenda 'truque do hortelã' para curar mau hálito [...]. Por Roney Domingos, G1, Fato ou Fake. Mai.2026.";FAKE
1806;"Sociedade e Comportamento";"Xororó recomenda 'truque do hortelã' para curar mau hálito [...]. Por Roney Domingos, G1, Fato ou Fake. Mai.2026.";FAKE
1807;"Saúde e Bem-estar";"Pfizer listou infecção por hantavírus como efeito colateral de vacina contra Covid-19 [...]. Por Jorge Fofano, G1, Fato ou Fake. Mai.2026.";FAKE
1807;Ciência;"Pfizer listou infecção por hantavírus como efeito colateral de vacina contra Covid-19 [...]. Por Jorge Fofano, G1, Fato ou Fake. Mai.2026.";FAKE
1809;Esporte;"Carlo Ancelotti é fotografado dormindo no jogo Athletico-PR x Flamengo. Programa G1 Fato ou Fake. Mai.,2026. ";FAKE
1810;"Segurança e Justiça";"Soldados chineses em Salvador usando uniforme da Polícia Militar da Bahia. Eles estão chegando! Os chineses! E não são trabalhadores, são SOLDADOS, mesmo! Atenção, brasileiros, vejam isso. Hoje na Bahia Exército chinês chegando em peso pra tomar conta das terras vendidas para a China. Redação, G1, Fato ou Fake. Mai.2026.";FAKE
1810;"Cidades e Cotidiano";"Soldados chineses em Salvador usando uniforme da Polícia Militar da Bahia. Eles estão chegando! Os chineses! E não são trabalhadores, são SOLDADOS, mesmo! Atenção, brasileiros, vejam isso. Hoje na Bahia Exército chinês chegando em peso pra tomar conta das terras vendidas para a China. Redação, G1, Fato ou Fake. Mai.2026.";FAKE
1811;"Sociedade e Comportamento";"Copasa divulgou comunicado com alerta para não beber água da torneira após queda de égua em adutora. Por Maria Carolina Martins — Belo Horizonte, G1, Fato ou Fake. Mai.2026.";FAKE
1811;"Cidades e Cotidiano";"Copasa divulgou comunicado com alerta para não beber água da torneira após queda de égua em adutora. Por Maria Carolina Martins — Belo Horizonte, G1, Fato ou Fake. Mai.2026.";FAKE
1812;"Economia e Negócios";"Coca-Cola vai reduzir o tamanho de garrafas no Brasil por causa da ""perda do poder de compra da população"" [...].  Redação, G1, Fato ou Fake. Mai.2026.";FAKE
1814;"Cidades e Cotidiano";"A cantora Shakira está descansando em terras mineiras depois do show no RJ. A cantora Shakira foi fotografada em frente à igreja de Nossa Senhora dos Prazeres, em Ouro Preto, Minas Gerais. Redação, G1, Fato ou Fake. Mai.2026.";FAKE
1814;"Sociedade e Comportamento";"A cantora Shakira está descansando em terras mineiras depois do show no RJ. A cantora Shakira foi fotografada em frente à igreja de Nossa Senhora dos Prazeres, em Ouro Preto, Minas Gerais. Redação, G1, Fato ou Fake. Mai.2026.";FAKE
1816;Ciência;"Cientistas registram primeira infecção em humanos de 'vírus marinho' que pode causar cegueira. Estudo publicado na 'Nature' relata casos inéditos de contaminação em trabalhadores de fazendas aquáticos que manusearam camarões sem proteção adequada; vírus também afeta peixes [...]. Redação, G1, Fato ou Fake. Abr.2026.";"NÃO FAKE"
1816;"Saúde e Bem-estar";"Cientistas registram primeira infecção em humanos de 'vírus marinho' que pode causar cegueira. Estudo publicado na 'Nature' relata casos inéditos de contaminação em trabalhadores de fazendas aquáticos que manusearam camarões sem proteção adequada; vírus também afeta peixes [...]. Redação, G1, Fato ou Fake. Abr.2026.";"NÃO FAKE"
1819;"Meio Ambiente e Clima";"No ponto mais distante da Terra: maio encerra com Lua Azul e microlua no mesmo dia. No dia 31/5/26, ocorrerou a chamada Lua Azul, que é a segunda Lua Cheia registrada no mesmo mês. O satélite esteve no ponto mais distante da Terra, o que faz com ela apareça um pouco menor. Agência Gov | Via Observatório Nacional. Mai.,2026.";"NÃO FAKE"
1820;Ciência;"Programa Aurora ajuda mães cientistas a conciliar carreira e maternidade [...]. Presidente da Coordenação de Aperfeiçoamento de Pessoal de Nível Superior (CAPES), Denise Pires de Carvalho, destacou o incentivo da Capes para o avanço das mulheres na carreira acadêmica. Agência Gov. Mai.,2026.";"NÃO FAKE"
1820;"Tecnologia e Inovação";"Programa Aurora ajuda mães cientistas a conciliar carreira e maternidade [...]. Presidente da Coordenação de Aperfeiçoamento de Pessoal de Nível Superior (CAPES), Denise Pires de Carvalho, destacou o incentivo da Capes para o avanço das mulheres na carreira acadêmica. Agência Gov. Mai.,2026.";"NÃO FAKE"
1821;"Segurança e Justiça";"Medidas mais amplas e detalhadas de proteção às mulheres brasileiras contra as violências, no mundo físico e digital. As novas providências foram anunciadas durante cerimônia que marcou os 100 dias em vigor do Pacto Nacional dos Três Poderes Contra o Feminicídio. Agência Gov | Via Planalto. Mai.,2026.";"NÃO FAKE"
1822;"Economia e Negócios";"Lei de Igualdade Salarial entre homens e mulheres é validada pelo SFT por unanimidade. “A decisão representa uma vitória para as mulheres brasileiras e para a construção de um mercado de trabalho mais justo e igualitário”, ressaltou o ministro do Trabalho e Emprego, Luiz Marinho. Agência Gov | Via Secom. Mai.,2026";"NÃO FAKE"
1823;"Direitos Humanos";"Projeto de Formação em Monitoramento Territorial certifica mais de 40 indígenas Yanomami. Iniciativa do MPI em parceria com Funai, Hutukara, ISA e UFRR fortalece vigilância e proteção da Terra Indígena Yanomami após desintrusão. Agência Gov | Via MPI. Mai.2025.";"NÃO FAKE"
1823;Educação;"Projeto de Formação em Monitoramento Territorial certifica mais de 40 indígenas Yanomami. Iniciativa do MPI em parceria com Funai, Hutukara, ISA e UFRR fortalece vigilância e proteção da Terra Indígena Yanomami após desintrusão. Agência Gov | Via MPI. Mai.2025.";"NÃO FAKE"
1824;"Direitos Humanos";"Comunidades indígenas validam traduções da Constituição e de outros textos jurídicos. Rodada de encontros promovidos pela AGU encerra etapa de conversão da Carta magna, do OIT169 e dos ODS da ONU para as línguas Tikuna, Kaingang e Kaiowá. Agência Gov | Via AGU.  Mai.2025.";"NÃO FAKE"
1824;"Segurança e Justiça";"Comunidades indígenas validam traduções da Constituição e de outros textos jurídicos. Rodada de encontros promovidos pela AGU encerra etapa de conversão da Carta magna, do OIT169 e dos ODS da ONU para as línguas Tikuna, Kaingang e Kaiowá. Agência Gov | Via AGU.  Mai.2025.";"NÃO FAKE"
1825;"Segurança e Justiça";"BNDES anuncia apoio financeiro a projetos de proteção e segurança nas fronteiras. Agência Gov | via MJSP. Mai., 2026.";"NÃO FAKE"
1826;"Segurança e Justiça";"Atlas da Violência: taxa de homicídios no Brasil é a menor em 11 anos. Estudo mostra que a juventude permanece no centro da violência letal. Cerca de 75 jovens morreram por dia na última década. Agência Gov | Via MPO. Mai.2026
";"NÃO FAKE"
1827;"Cultura e Entretenimento";"No Brasil, 574 mil pessoas já usaram plataforma de autoexclusão de bets; 41% justificam impactos na saúde mental. Agência Gov | via Saúde. Mai.,2026";"NÃO FAKE"
1827;"Sociedade e Comportamento";"No Brasil, 574 mil pessoas já usaram plataforma de autoexclusão de bets; 41% justificam impactos na saúde mental. Agência Gov | via Saúde. Mai.,2026";"NÃO FAKE"
1828;"Sociedade e Comportamento";"Rachel Dorn, de 41 anos, foi demitida após seus empregadores descobrirem que ela trabalhava remotamente em 3 empregos ao mesmo tempo. E-Farsas | Do R7. Abr. 2026.";FAKE
1830;"Sociedade e Comportamento";"Brasileira de 34 anos teria descoberto que seu namorado é seu filho biológico de quem foi separada há 22 anos. E-Farsas | Do R7. Abr. 2026.";FAKE
1831;"Meio Ambiente e Clima";"Publicações comparam uma fotografia da Terra tirada pela tripulação da Apollo 17, em 1972, com uma tirada pelos astronautas da Artemis II e afirmam que estamos mais opacos! Por Gilmar Lopes, E-FARSAS. Abr.,2026.";FAKE
1832;"Cidades e Cotidiano";"Patrimônio Cultural, Ponte Hercílio Luz completa 100 anos como símbolo de Santa Catarina
A ponto é patrimônio cultural do Brasil tombado pelo Iphan, reconhecimento que reforçou a necessidade de preservar a estrutura e garantir sua recuperação. Agência Gov | Via Iphan. Mai.,2026.";"NÃO FAKE"
1832;"Cultura e Entretenimento";"Patrimônio Cultural, Ponte Hercílio Luz completa 100 anos como símbolo de Santa Catarina
A ponto é patrimônio cultural do Brasil tombado pelo Iphan, reconhecimento que reforçou a necessidade de preservar a estrutura e garantir sua recuperação. Agência Gov | Via Iphan. Mai.,2026.";"NÃO FAKE"
1833;"Saúde e Bem-estar";"A infodemia sobre a covid-19 confundiu os pacientes, prejudicou a adesão a medidas sanitárias fundamentais e estimulou comportamentos negativos da população em relação à pandemia. COFEN, Jan., 2025.";"NÃO FAKE"
1833;"Sociedade e Comportamento";"A infodemia sobre a covid-19 confundiu os pacientes, prejudicou a adesão a medidas sanitárias fundamentais e estimulou comportamentos negativos da população em relação à pandemia. COFEN, Jan., 2025.";"NÃO FAKE"
1834;"Mídia, Informação e Redes Sociais";"Uma pesquisa divulgada pela plataforma Avaaz(2020), no mês de maio de 2020, indicou que 73% dos brasileiros acreditavam em notícias inverídicas sobre coronavírus. CONFEN, Jan., 2025.";"NÃO FAKE"
1834;"Saúde e Bem-estar";"Uma pesquisa divulgada pela plataforma Avaaz(2020), no mês de maio de 2020, indicou que 73% dos brasileiros acreditavam em notícias inverídicas sobre coronavírus. CONFEN, Jan., 2025.";"NÃO FAKE"
1835;"Saúde e Bem-estar";"Violência contra pessoas idosas cresce.  Mais de 92 mil denúncias e 536 mil violações de direitos contra pessoas idosas foram registradas pela Ouvidoria Nacional de Direitos Humanos (ONDH) entre janeiro e maio deste ano. Em comparação com o mesmo período de 2025, houve aumento de cerca de 20 mil denúncias e 117 mil violações de direitos a mais no país. COFEN, Jun., 2026.";"NÃO FAKE"
1835;"Sociedade e Comportamento";"Violência contra pessoas idosas cresce.  Mais de 92 mil denúncias e 536 mil violações de direitos contra pessoas idosas foram registradas pela Ouvidoria Nacional de Direitos Humanos (ONDH) entre janeiro e maio deste ano. Em comparação com o mesmo período de 2025, houve aumento de cerca de 20 mil denúncias e 117 mil violações de direitos a mais no país. COFEN, Jun., 2026.";"NÃO FAKE"
1836;"Direitos Humanos";"A saúde dos povos originários não é tema periférico para a Enfermagem brasileira, é tema central, tema de justiça social, de equidade, de direitos humanos, de qualidade assistencial e de responsabilidade pública. COFEN, Jun., 2026.";"NÃO FAKE"
1836;"Saúde e Bem-estar";"A saúde dos povos originários não é tema periférico para a Enfermagem brasileira, é tema central, tema de justiça social, de equidade, de direitos humanos, de qualidade assistencial e de responsabilidade pública. COFEN, Jun., 2026.";"NÃO FAKE"
1837;"Saúde e Bem-estar";"Desodorante pode causar câncer de mama. Grande parte dos canceres de mama ocorrem próximos a axila, onde é usado o desodorante. ";FAKE
1838;"Saúde e Bem-estar";"Usar o celular pode causar câncer. Pesquisas indicam que a radiação da bateria pode causar câncer no cérebro e ao utilizar o aparelho no escuro aumenta as chances de câncer nos olhos.";FAKE
1839;"Saúde e Bem-estar";"A luz emitida pelas telas dos aparelhos celulares pode causar dores de cabeça, a sensação de olhos cansados e dores no globo ocular. Pfizer, Jan.,2020.";"NÃO FAKE"
1839;"Sociedade e Comportamento";"A luz emitida pelas telas dos aparelhos celulares pode causar dores de cabeça, a sensação de olhos cansados e dores no globo ocular. Pfizer, Jan.,2020.";"NÃO FAKE"
1840;"Saúde e Bem-estar";"Usar o micro-ondas pode afetar a saúde. A radiação usada para aquecer os alimentos afeta a saúde. O aparelho emite raios chamados de “radiação não ionizante” que têm a possibilidade de serem cancerígenos. 

";FAKE
1841;"Saúde e Bem-estar";"Alimentos que curam o câncer.  Pesquisas mostram que uma alimentação balanceada, em conjunto com outros hábitos saudáveis, ajuda a evitar uma série de problemas de saúde e cura o câncer. ";FAKE
1842;"Saúde e Bem-estar";"A Pfizer sabia que sua vacina não era segura nem eficaz. Os ensaios clínicos e o monitoramento pós-aprovação indicam que os eventos adversos não raros.
";FAKE
1843;"Saúde e Bem-estar";"As vacinas de mRNA causam danos irreversíveis ao organismo. Estudos publicados por órgãos reguladores e instituições de pesquisa demonstram que as vacinas afetam o DNA, causam infertilidade e provocam danos generalizados ao corpo humano.
";FAKE
1844;"Saúde e Bem-estar";"A miocardite induzida pela vacina é grave e comum. A covid-19 aumenta significativamente o risco de complicações cardíacas graves, incluindo miocardite severa. 

";FAKE
1845;"Saúde e Bem-estar";"A vacina criou uma nova doença chamada ""Doença CoVax"".";FAKE
1846;"Saúde e Bem-estar";"Quando um ensaio clínico comprova que uma vacina é altamente eficaz, torna-se antiético manter voluntários sem acesso ao imunizante. Isso não impede o monitoramento contínuo da segurança da vacina por meio de sistemas de vigilância epidemiológica e farmacovigilância pós-comercialização. Saúde com Ciência, MS, 19/02/2025.";"NÃO FAKE"
1847;"Saúde e Bem-estar";"Flúor no abastecimento público de água não faz mal e previne cáries, Fonte: Veja Saude,4 jun 2026 ";"NÃO FAKE"
1848;"Saúde e Bem-estar";"Álcool em gel não evita infecção por novo coronavírus, suposto químico diz que esse produto chega a favorecer vírus e bactérias — e que o vinagre seria útil. Fonte: Veja Saúde, 4/ jun/ 2026.";FAKE
1849;"Saúde e Bem-estar";"Um adesivo para a pele é capaz de curar o diabetes, o produto está à venda na internet.";FAKE
1850;"Saúde e Bem-estar";"Vitamina B17 (ou amigdalina), presente em certos caroços, elimina tumores.";FAKE
1851;Esporte;" Jogadores da Seleção Espanhola saindo pela lateral de um vestiário, cada um carregando seus pertences, mas o que chama a atenção é o lateral-esquerdo do Real Madrid Marc Cucurella, que aparece carregando a taça da Copa do Mundo em um saco de lixo transparente. Sem a menor cerimônia. Gilmar Lopes, E-Farsas, Jul/2026.";FAKE
1852;"Saúde e Bem-estar";"A humanidade passou 200 mil anos de sua história dormindo o chamado “sono bifásico” (em dois turnos de 4 horas cada). A partir de uma pesquisa feita por um doutor chamado Nathaniel Kleitman a pedido da fábrica de colchões Simmons Beautyrest, em 1938, o ser humano passou a dormir um único sono de 8 horas. E-Farsas, Jun/2026.";FAKE
1853;"Sociedade e Comportamento";"Monge sobe uma enconta íngrime usando apenas os pés, enquanto as mãos ficam imóveis em posição de oração. Toda a cena foi presenciada por várias pessoas que acompanhavam o feito digno de muito treino e concentração. E-Farsas, Jun/2026.";FAKE
1854;"Saúde e Bem-estar";"A dor de garganta é uma inflamação ou irritação na garganta que pode ser causada por uma variedade de fatores, como infecções virais ou bacterianas, alergias, refluxo gastroesofágico, entre outros. Notícia Blog, Dr. Fausto Nakandakari, Mar/2023.";"NÃO FAKE"
1855;"Saúde e Bem-estar";"Beber gelado causa dor de garganta. Notícia Blog, Dr. Fausto Nakandakari, 4/Mai/2023.";FAKE
1856;"Saúde e Bem-estar";"Gargarejo com água morna e sal alivia a dor de garganta. Notícia Blog, Dr. Fausto Nakandakari, 4/Mai/2023.";"NÃO FAKE"
1857;"Saúde e Bem-estar";"Antibióticos são sempre necessários para tratar dor de garganta. Notícia Blog, Dr. Fausto Nakandakari, 4/Mai/2023.";FAKE
1858;"Saúde e Bem-estar";" Dor de garganta pode ser prevenida com higiene e cuidados: Algumas medidas podem ajudar a prevenir a dor de garganta, como lavar as mãos frequentemente, evitar o contato com pessoas doentes, manter-se hidratado, evitar irritantes ambientais, como fumaça de cigarro e poluição do ar. Notícia Blog, Dr. Fausto Nakandakari, 4/Mai/2023.";"NÃO FAKE"
1859;"Sociedade e Comportamento";"Governador de estado do Paraná compra casa de milhões de $ em Miame Beatch.";FAKE
1860;"Sociedade e Comportamento";"Incentivo a data centers é rara unanimidade nos programas de governo dos presidenciáveis.
Por Luiz Fernando Menezes.  Aos Fatos. Ago/2026.";"NÃO FAKE"
1861;"Sociedade e Comportamento";"teste noticia";"NÃO FAKE"
1862;"Sociedade e Comportamento";"Produtos que prometem curar dores (22%), promover emagrecimento (17%) e tratar diabetes (16%) são os mais comuns entre os anúncios enganosos.";"NÃO FAKE"
1862;"Saúde e Bem-estar";"Produtos que prometem curar dores (22%), promover emagrecimento (17%) e tratar diabetes (16%) são os mais comuns entre os anúncios enganosos.";"NÃO FAKE"
1863;"Saúde e Bem-estar";"Produtos que prometem curar dores (22%), promover emagrecimento (17%) e tratar diabetes (16%) são os mais comuns entre os anúncios enganosos.";"NÃO FAKE"
1864;"Saúde e Bem-estar";"Produtos que prometem curar dores (22%), promover emagrecimento (17%) e tratar diabetes (16%) são os mais comuns entre os anúncios enganosos.";"NÃO FAKE"
1864;"Sociedade e Comportamento";"Produtos que prometem curar dores (22%), promover emagrecimento (17%) e tratar diabetes (16%) são os mais comuns entre os anúncios enganosos.";"NÃO FAKE"
1865;"Sociedade e Comportamento";"O cigarro eletrônico faz menos mal para a saúde do usuário quando comparado ao cigarro tradicional , de papel..";FAKE
1866;"Mídia, Informação e Redes Sociais";"LatamChequea pede à Meta que não substitua a checagem independente pelas Notas da Comunidade. Aos Fatos, 11 de setembro de 2026.";"NÃO FAKE"
1867;"Sociedade e Comportamento";"Nova geração abre mão de padrões de cores considderadas masculina.";FAKE
1868;"Sociedade e Comportamento";"Notícia teste";FAKE
